period,variant,start,end,candles,initial_balance,final_balance,total_return_percent,annualized_return_percent,maximum_drawdown_percent,profit_factor,win_rate_percent,trades,average_trade,exposure_percent,total_fees,blocked_by_atr,blocked_by_adx,insufficient_history,invalid_indicator_value
wf_1,baseline,2024-01-01T00:00:00+00:00,2024-06-30T23:00:00+00:00,4368,1000.0,1347.1114577102526,34.71114577102526,81.8653465503477,27.0407153562231,1.4932578360709967,30.952380952380953,42,8.264558516910776,52.87382642546371,106.58971724877034,0,0,0,0
wf_1,atr,2024-01-01T00:00:00+00:00,2024-06-30T23:00:00+00:00,4368,1000.0,1442.2494492792086,44.224944927920866,108.56412417090557,23.38463150554096,1.6959765700580458,30.0,40,11.056236231980217,51.91206778108541,105.75661768713223,2,0,0,0
wf_1,adx,2024-01-01T00:00:00+00:00,2024-06-30T23:00:00+00:00,4368,1000.0,1079.7017054549665,7.970170545496649,16.640733395717255,24.153039423702268,1.2452697471463443,26.31578947368421,19,4.194826602892973,21.433478360430502,40.22437250087581,0,23,0,0
wf_1,atr_adx,2024-01-01T00:00:00+00:00,2024-06-30T23:00:00+00:00,4368,1000.0,1157.0290157894428,15.702901578944283,34.01396489496389,18.72094514360787,1.5969351707358814,27.77777777777778,18,8.723834210524602,20.540416762079232,39.75312385504421,2,23,0,0
wf_2,baseline,2024-07-01T00:00:00+00:00,2024-12-31T23:00:00+00:00,4416,1000.0,1210.5561106924204,21.055611069242037,46.13811891789339,19.02487608297216,1.3717091978142133,33.33333333333333,39,5.398874633138983,52.11778029445073,87.26701333338639,0,0,0,0
wf_2,atr,2024-07-01T00:00:00+00:00,2024-12-31T23:00:00+00:00,4416,1000.0,1210.5561106924204,21.055611069242037,46.13811891789339,19.02487608297216,1.3717091978142133,33.33333333333333,39,5.398874633138983,52.11778029445073,87.26701333338639,0,0,0,0
wf_2,adx,2024-07-01T00:00:00+00:00,2024-12-31T23:00:00+00:00,4416,1000.0,1250.376109907162,25.037610990716193,55.83703379691445,16.61870395599611,1.6876469902060098,37.5,24,10.432337912798411,35.402038505096264,54.853056015425935,0,15,0,0
wf_2,atr_adx,2024-07-01T00:00:00+00:00,2024-12-31T23:00:00+00:00,4416,1000.0,1250.376109907162,25.037610990716193,55.83703379691445,16.61870395599611,1.6876469902060098,37.5,24,10.432337912798411,35.402038505096264,54.853056015425935,0,15,0,0
wf_3,baseline,2025-01-01T00:00:00+00:00,2025-06-30T23:00:00+00:00,4344,1000.0,575.1687057064448,-42.483129429355515,-67.25267923724572,58.210365303704826,0.41224990013808255,28.57142857142857,49,-8.670026414154187,48.791158185586,65.6238289087162,0,0,0,0
wf_3,atr,2025-01-01T00:00:00+00:00,2025-06-30T23:00:00+00:00,4344,1000.0,664.6514073712233,-33.53485926287767,-56.15426940390572,51.708882561148904,0.5022607796563013,29.78723404255319,47,-7.135076438910143,47.93921252590375,68.07692664666297,2,0,0,0
wf_3,adx,2025-01-01T00:00:00+00:00,2025-06-30T23:00:00+00:00,4344,1000.0,907.2480502640902,-9.275194973590976,-17.837218352627993,33.9629093881806,0.7827116132363464,18.181818181818183,22,-4.215997715268625,21.64402486760304,37.62146332877738,0,27,0,0
wf_3,atr_adx,2025-01-01T00:00:00+00:00,2025-06-30T23:00:00+00:00,4344,1000.0,1048.394475325622,4.83944753256219,10.008608497637272,23.689093689585764,1.1436556732387209,20.0,20,2.419723766281095,20.792079207920793,37.859463881879606,2,27,0,0
wf_4,baseline,2025-07-01T00:00:00+00:00,2025-12-31T23:00:00+00:00,4416,1000.0,1037.6837219149343,3.768372191493427,7.6208639744779205,34.95391529825531,1.035534664655405,26.666666666666668,45,0.8374160425540949,51.00792751981879,113.02668453166997,0,0,0,0
wf_4,atr,2025-07-01T00:00:00+00:00,2025-12-31T23:00:00+00:00,4416,1000.0,1042.2796446527343,4.2279644652734305,8.569310272676356,34.66582483931091,1.0400420224866873,27.27272727272727,44,0.9609010148348706,50.21517553793885,110.94081965365045,1,0,0,0
wf_4,adx,2025-07-01T00:00:00+00:00,2025-12-31T23:00:00+00:00,4416,1000.0,906.7168797042707,-9.32831202957293,-17.669334267874536,35.19456162368552,0.8536757388478486,23.076923076923077,26,-3.587812319066512,25.798414496036244,56.60822380009905,0,19,0,0
wf_4,atr_adx,2025-07-01T00:00:00+00:00,2025-12-31T23:00:00+00:00,4416,1000.0,906.7168797042707,-9.32831202957293,-17.669334267874536,35.19456162368552,0.8536757388478486,23.076923076923077,26,-3.587812319066512,25.798414496036244,56.60822380009905,1,19,0,0
wf_5,baseline,2026-01-01T00:00:00+00:00,2026-06-30T23:00:00+00:00,4344,1000.0,674.8506541092128,-32.51493458907873,-54.785643521855576,37.20206111145489,0.38276232916297626,21.951219512195124,41,-7.9304718509948104,40.87036610637808,67.15646661728903,0,0,0,0
wf_5,atr,2026-01-01T00:00:00+00:00,2026-06-30T23:00:00+00:00,4344,1000.0,750.4513742362085,-24.95486257637915,-43.97863743324428,31.278195340611433,0.4640213501973154,26.47058823529412,34,-7.339665463640927,35.80474326502417,59.347428790724734,7,0,0,0
wf_5,adx,2026-01-01T00:00:00+00:00,2026-06-30T23:00:00+00:00,4344,1000.0,920.9624079631972,-7.903759203680282,-15.31107722099787,17.657124514125037,0.7245942705079236,34.78260869565217,23,-3.436417045078384,27.377388901680867,46.54189062931269,0,18,0,0
wf_5,atr_adx,2026-01-01T00:00:00+00:00,2026-06-30T23:00:00+00:00,4344,1000.0,955.7678542443037,-4.423214575569625,-8.726703459238372,17.65712451412493,0.8287070528345764,38.095238095238095,21,-2.1062926550331547,26.387289891779876,43.86600984839817,7,18,0,0
