datetime,open,high,low,close,volume
2026-06-03 00:00:00+00:00,1860.18,1874.59,1854.85,1867.19,12962.15385
2026-06-03 01:00:00+00:00,1867.19,1870.14,1849.49,1864.62,7364.97804
2026-06-03 02:00:00+00:00,1864.62,1865.16,1851.16,1854.34,6321.67362
2026-06-03 03:00:00+00:00,1854.34,1856.86,1816.77,1827.82,25508.23439
2026-06-03 04:00:00+00:00,1827.82,1851.87,1827.47,1850.78,13213.91504
2026-06-03 05:00:00+00:00,1850.78,1876.66,1849.55,1873.48,15680.12189
2026-06-03 06:00:00+00:00,1873.48,1884.5,1870.48,1872.02,11404.25504
2026-06-03 07:00:00+00:00,1872.02,1880.62,1868.08,1878.57,5804.56524
2026-06-03 08:00:00+00:00,1878.57,1883.72,1873.39,1880.15,10605.20717
2026-06-03 09:00:00+00:00,1880.15,1886.98,1870.0,1876.42,11373.5499
2026-06-03 10:00:00+00:00,1876.42,1892.95,1874.95,1884.93,9475.68649
2026-06-03 11:00:00+00:00,1884.93,1888.75,1876.31,1878.23,5968.63855
2026-06-03 12:00:00+00:00,1878.23,1880.17,1868.0,1876.64,9911.1267
2026-06-03 13:00:00+00:00,1876.64,1880.27,1861.34,1867.64,12928.54785
2026-06-03 14:00:00+00:00,1867.64,1868.86,1852.58,1858.84,15019.22426
2026-06-03 15:00:00+00:00,1858.84,1860.08,1836.2,1837.13,12472.65698
2026-06-03 16:00:00+00:00,1837.13,1844.04,1811.0,1832.62,22540.02275
2026-06-03 17:00:00+00:00,1832.62,1839.32,1818.16,1828.1,14745.10502
2026-06-03 18:00:00+00:00,1828.1,1834.46,1821.0,1832.3,6211.12979
2026-06-03 19:00:00+00:00,1832.3,1833.69,1795.66,1803.39,17677.03447
2026-06-03 20:00:00+00:00,1803.39,1813.33,1768.94,1781.37,23750.99701
2026-06-03 21:00:00+00:00,1781.37,1850.43,1777.41,1850.31,19946.88218
2026-06-03 22:00:00+00:00,1850.31,1852.74,1822.89,1829.03,15729.87996
2026-06-03 23:00:00+00:00,1829.03,1831.23,1812.73,1813.36,11355.07798
2026-06-04 00:00:00+00:00,1813.36,1820.85,1782.36,1793.88,23936.1433
2026-06-04 01:00:00+00:00,1793.88,1801.09,1755.03,1759.98,24185.0761
2026-06-04 02:00:00+00:00,1759.98,1778.96,1716.44,1766.97,41110.9058
2026-06-04 03:00:00+00:00,1766.97,1812.98,1766.33,1809.32,21838.07401
2026-06-04 04:00:00+00:00,1809.32,1818.09,1802.59,1805.48,9877.19692
2026-06-04 05:00:00+00:00,1805.48,1805.48,1780.0,1784.01,22919.40568
2026-06-04 06:00:00+00:00,1784.01,1801.75,1781.9,1789.91,12453.69258
2026-06-04 07:00:00+00:00,1789.91,1790.83,1773.27,1777.28,15987.67739
2026-06-04 08:00:00+00:00,1777.28,1783.3,1763.65,1773.59,21585.52998
2026-06-04 09:00:00+00:00,1773.59,1774.13,1744.35,1766.27,25216.26041
2026-06-04 10:00:00+00:00,1766.27,1767.45,1730.07,1737.04,32102.63249
2026-06-04 11:00:00+00:00,1737.04,1754.91,1732.67,1751.33,18416.40393
2026-06-04 12:00:00+00:00,1751.33,1782.68,1743.77,1778.1,25922.19946
2026-06-04 13:00:00+00:00,1778.1,1790.5,1755.27,1785.53,27744.63078
2026-06-04 14:00:00+00:00,1785.53,1794.8,1766.22,1774.46,20024.16677
2026-06-04 15:00:00+00:00,1774.46,1791.78,1770.3,1776.81,18738.22758
2026-06-04 16:00:00+00:00,1776.81,1781.17,1765.96,1772.22,14245.02869
2026-06-04 17:00:00+00:00,1772.22,1776.28,1754.01,1767.84,17128.70273
2026-06-04 18:00:00+00:00,1767.84,1784.44,1759.79,1775.96,15196.17546
2026-06-04 19:00:00+00:00,1775.96,1787.22,1770.75,1776.87,12286.27828
2026-06-04 20:00:00+00:00,1776.87,1777.58,1764.5,1774.85,11663.38406
2026-06-04 21:00:00+00:00,1774.85,1783.21,1756.32,1760.95,11491.79822
2026-06-04 22:00:00+00:00,1760.95,1770.42,1752.22,1768.5,18677.25847
2026-06-04 23:00:00+00:00,1768.5,1777.36,1757.08,1770.63,10220.803
2026-06-05 00:00:00+00:00,1770.63,1774.84,1758.24,1759.26,12209.02587
2026-06-05 01:00:00+00:00,1759.26,1764.31,1746.38,1753.33,25719.03395
2026-06-05 02:00:00+00:00,1753.33,1755.19,1727.08,1730.2,25312.75684
2026-06-05 03:00:00+00:00,1730.2,1739.9,1722.17,1729.68,24692.01404
2026-06-05 04:00:00+00:00,1729.68,1746.12,1716.0,1744.5,24311.51032
2026-06-05 05:00:00+00:00,1744.5,1747.88,1680.61,1684.28,43957.1677
2026-06-05 06:00:00+00:00,1684.28,1689.33,1624.0,1656.49,85291.45267
2026-06-05 07:00:00+00:00,1656.49,1680.19,1633.1,1679.4,53747.93112
2026-06-05 08:00:00+00:00,1679.4,1679.97,1659.39,1663.98,17315.41123
2026-06-05 09:00:00+00:00,1663.98,1690.21,1662.57,1682.86,17834.34238
2026-06-05 10:00:00+00:00,1682.86,1685.38,1671.61,1676.9,13220.94158
2026-06-05 11:00:00+00:00,1676.9,1682.03,1662.9,1663.38,16548.63488
2026-06-05 12:00:00+00:00,1663.38,1672.0,1645.89,1657.05,33641.94745
2026-06-05 13:00:00+00:00,1657.05,1678.4,1612.84,1614.78,47219.05132
2026-06-05 14:00:00+00:00,1614.78,1624.72,1591.56,1600.64,71398.34644
2026-06-05 15:00:00+00:00,1600.64,1607.51,1572.3,1583.24,54348.77011
2026-06-05 16:00:00+00:00,1583.24,1612.4,1547.67,1608.48,71751.90446
2026-06-05 17:00:00+00:00,1608.48,1613.18,1587.79,1594.4,26175.43639
2026-06-05 18:00:00+00:00,1594.4,1598.97,1546.14,1553.18,42316.46042
2026-06-05 19:00:00+00:00,1553.18,1580.31,1540.0,1574.22,41472.91987
2026-06-05 20:00:00+00:00,1574.22,1610.63,1557.26,1603.44,29886.43268
2026-06-05 21:00:00+00:00,1603.44,1619.61,1602.17,1610.04,17378.07382
2026-06-05 22:00:00+00:00,1610.04,1610.55,1589.32,1597.37,17999.94312
2026-06-05 23:00:00+00:00,1597.37,1604.31,1560.14,1583.48,19436.29947
2026-06-06 00:00:00+00:00,1583.48,1601.39,1582.71,1593.0,7814.11546
2026-06-06 01:00:00+00:00,1593.0,1596.92,1578.12,1583.12,6263.38108
2026-06-06 02:00:00+00:00,1583.12,1585.79,1566.6,1576.11,9215.57241
2026-06-06 03:00:00+00:00,1576.11,1576.42,1555.0,1563.57,10511.87304
2026-06-06 04:00:00+00:00,1563.57,1569.74,1510.0,1522.4,44597.32739
2026-06-06 05:00:00+00:00,1522.4,1569.76,1505.35,1566.77,28683.94496
2026-06-06 06:00:00+00:00,1566.77,1582.0,1555.84,1560.26,21973.13429
2026-06-06 07:00:00+00:00,1560.26,1580.58,1556.03,1575.35,11689.32183
2026-06-06 08:00:00+00:00,1575.35,1593.93,1570.15,1582.7,15953.33122
2026-06-06 09:00:00+00:00,1582.7,1588.77,1565.62,1570.87,12308.90896
2026-06-06 10:00:00+00:00,1570.87,1570.87,1535.43,1548.1,29202.17057
2026-06-06 11:00:00+00:00,1548.1,1567.48,1547.05,1558.85,10126.74398
2026-06-06 12:00:00+00:00,1558.85,1575.46,1551.43,1571.15,13291.26289
2026-06-06 13:00:00+00:00,1571.15,1573.45,1553.96,1557.2,8459.60493
2026-06-06 14:00:00+00:00,1557.2,1566.84,1556.01,1557.79,8151.95693
2026-06-06 15:00:00+00:00,1557.79,1566.13,1545.0,1560.59,13264.58792
2026-06-06 16:00:00+00:00,1560.59,1565.93,1552.67,1563.4,10183.65044
2026-06-06 17:00:00+00:00,1563.4,1566.79,1546.88,1553.45,14576.50118
2026-06-06 18:00:00+00:00,1553.45,1566.32,1549.88,1556.64,10512.64399
2026-06-06 19:00:00+00:00,1556.64,1563.93,1553.33,1554.47,5814.76906
2026-06-06 20:00:00+00:00,1554.47,1560.27,1550.84,1557.59,6823.33421
2026-06-06 21:00:00+00:00,1557.59,1565.21,1557.59,1558.14,4170.73436
2026-06-06 22:00:00+00:00,1558.14,1562.18,1551.37,1558.12,5598.44278
2026-06-06 23:00:00+00:00,1558.12,1570.19,1556.7,1569.63,5631.94122
2026-06-07 00:00:00+00:00,1569.63,1572.59,1563.84,1565.12,4510.46145
2026-06-07 01:00:00+00:00,1565.12,1596.59,1563.94,1590.08,16673.11827
2026-06-07 02:00:00+00:00,1590.08,1595.37,1582.29,1592.84,6992.72642
2026-06-07 03:00:00+00:00,1592.84,1601.23,1590.0,1595.06,7135.79478
2026-06-07 04:00:00+00:00,1595.06,1599.41,1584.71,1596.98,4862.18393
2026-06-07 05:00:00+00:00,1596.98,1609.83,1593.18,1604.06,11183.09206
2026-06-07 06:00:00+00:00,1604.06,1623.25,1598.41,1612.04,17535.60221
2026-06-07 07:00:00+00:00,1612.04,1616.94,1607.25,1615.24,7897.81282
2026-06-07 08:00:00+00:00,1615.24,1642.73,1608.16,1641.34,23245.20913
2026-06-07 09:00:00+00:00,1641.34,1648.8,1629.06,1633.53,13553.64563
2026-06-07 10:00:00+00:00,1633.53,1635.95,1624.56,1625.47,13407.4988
2026-06-07 11:00:00+00:00,1625.47,1633.93,1621.71,1629.97,11596.02838
2026-06-07 12:00:00+00:00,1629.97,1631.19,1606.55,1620.04,15192.82948
2026-06-07 13:00:00+00:00,1620.04,1623.17,1613.09,1617.43,6361.69215
2026-06-07 14:00:00+00:00,1617.43,1640.25,1616.84,1628.12,7225.82174
2026-06-07 15:00:00+00:00,1628.12,1636.31,1620.96,1630.07,4967.02296
2026-06-07 16:00:00+00:00,1630.07,1633.62,1623.31,1628.71,4532.0195
2026-06-07 17:00:00+00:00,1628.71,1638.21,1627.74,1631.3,4708.03823
2026-06-07 18:00:00+00:00,1631.3,1636.7,1628.88,1630.27,2501.22622
2026-06-07 19:00:00+00:00,1630.27,1630.46,1603.62,1613.13,16647.91355
2026-06-07 20:00:00+00:00,1613.13,1631.92,1609.31,1628.13,4178.73082
2026-06-07 21:00:00+00:00,1628.13,1634.79,1623.77,1634.66,2990.30775
2026-06-07 22:00:00+00:00,1634.66,1721.2,1628.96,1672.54,28001.0161
2026-06-07 23:00:00+00:00,1672.54,1691.67,1670.67,1690.48,7686.10311
2026-06-08 00:00:00+00:00,1690.48,1711.68,1682.93,1697.54,17489.97854
2026-06-08 01:00:00+00:00,1697.54,1700.3,1670.85,1687.33,20141.18731
2026-06-08 02:00:00+00:00,1687.33,1689.62,1678.0,1683.92,14803.7323
2026-06-08 03:00:00+00:00,1683.92,1693.09,1677.04,1679.98,9289.2118
2026-06-08 04:00:00+00:00,1679.98,1681.13,1655.96,1657.0,14610.36136
2026-06-08 05:00:00+00:00,1657.0,1659.91,1644.74,1653.69,14494.59952
2026-06-08 06:00:00+00:00,1653.69,1670.1,1652.44,1666.66,9147.56342
2026-06-08 07:00:00+00:00,1666.66,1679.79,1661.57,1673.5,10582.02671
2026-06-08 08:00:00+00:00,1673.5,1673.5,1658.84,1661.33,9435.03731
2026-06-08 09:00:00+00:00,1661.33,1672.16,1657.21,1671.0,12838.04998
2026-06-08 10:00:00+00:00,1671.0,1677.23,1663.26,1672.6,9366.54408
2026-06-08 11:00:00+00:00,1672.6,1696.95,1667.74,1683.74,19604.48186
2026-06-08 12:00:00+00:00,1683.74,1698.85,1667.07,1695.34,25124.43716
2026-06-08 13:00:00+00:00,1695.34,1697.27,1678.38,1681.62,21061.55368
2026-06-08 14:00:00+00:00,1681.62,1694.41,1676.32,1691.48,16486.41822
2026-06-08 15:00:00+00:00,1691.48,1706.21,1688.5,1691.58,16066.41914
2026-06-08 16:00:00+00:00,1691.58,1703.91,1682.37,1682.56,11328.91716
2026-06-08 17:00:00+00:00,1682.56,1687.96,1675.66,1686.79,10217.71773
2026-06-08 18:00:00+00:00,1686.79,1692.7,1678.67,1684.65,5178.34316
2026-06-08 19:00:00+00:00,1684.65,1691.04,1681.18,1684.8,8893.39313
2026-06-08 20:00:00+00:00,1684.8,1689.73,1678.97,1689.73,6369.3175
2026-06-08 21:00:00+00:00,1689.73,1714.19,1689.73,1703.65,8504.22648
2026-06-08 22:00:00+00:00,1703.65,1704.04,1688.3,1703.33,6439.48186
2026-06-08 23:00:00+00:00,1703.33,1714.44,1686.73,1690.19,6427.90583
2026-06-09 00:00:00+00:00,1690.19,1696.86,1659.69,1663.21,21803.56282
2026-06-09 01:00:00+00:00,1663.21,1674.39,1658.56,1668.96,14516.28298
2026-06-09 02:00:00+00:00,1668.96,1672.3,1654.29,1668.21,10402.93686
2026-06-09 03:00:00+00:00,1668.21,1671.85,1663.98,1669.8,6228.36276
2026-06-09 04:00:00+00:00,1669.8,1696.78,1664.64,1686.51,14012.82869
2026-06-09 05:00:00+00:00,1686.51,1695.53,1681.52,1688.29,6828.40754
2026-06-09 06:00:00+00:00,1688.29,1695.44,1684.06,1686.09,7648.53919
2026-06-09 07:00:00+00:00,1686.09,1691.75,1674.99,1680.09,10193.98529
2026-06-09 08:00:00+00:00,1680.09,1681.12,1668.47,1675.08,13896.54658
2026-06-09 09:00:00+00:00,1675.08,1680.44,1664.77,1670.44,8004.19264
2026-06-09 10:00:00+00:00,1670.44,1676.4,1666.15,1674.58,6210.96083
2026-06-09 11:00:00+00:00,1674.58,1675.49,1666.11,1671.82,6050.09185
2026-06-09 12:00:00+00:00,1671.82,1685.8,1670.96,1676.76,11280.93569
2026-06-09 13:00:00+00:00,1676.76,1681.0,1664.12,1666.84,13842.48013
2026-06-09 14:00:00+00:00,1666.84,1671.03,1633.32,1645.74,32849.28405
2026-06-09 15:00:00+00:00,1645.74,1653.91,1634.35,1636.22,11637.14339
2026-06-09 16:00:00+00:00,1636.22,1639.47,1613.71,1632.21,18530.15403
2026-06-09 17:00:00+00:00,1632.21,1649.81,1632.19,1643.03,10284.28529
2026-06-09 18:00:00+00:00,1643.03,1655.57,1639.77,1652.42,6375.79383
2026-06-09 19:00:00+00:00,1652.42,1658.64,1647.74,1657.23,6235.71244
2026-06-09 20:00:00+00:00,1657.23,1663.82,1655.39,1660.78,4342.39603
2026-06-09 21:00:00+00:00,1660.78,1661.77,1647.17,1650.2,3739.58233
2026-06-09 22:00:00+00:00,1650.2,1655.08,1639.48,1639.98,2973.23514
2026-06-09 23:00:00+00:00,1639.98,1642.76,1630.56,1639.49,3234.57942
2026-06-10 00:00:00+00:00,1639.49,1646.97,1629.26,1645.65,7803.3145
2026-06-10 01:00:00+00:00,1645.65,1647.14,1633.26,1638.89,7800.73677
2026-06-10 02:00:00+00:00,1638.89,1642.63,1621.77,1624.44,10010.12462
2026-06-10 03:00:00+00:00,1624.44,1637.15,1623.63,1630.86,4806.67201
2026-06-10 04:00:00+00:00,1630.86,1633.09,1622.35,1625.98,4536.44568
2026-06-10 05:00:00+00:00,1625.98,1630.03,1616.07,1628.08,5784.60351
2026-06-10 06:00:00+00:00,1628.08,1634.43,1622.57,1632.14,4178.43303
2026-06-10 07:00:00+00:00,1632.14,1643.66,1630.78,1640.13,5296.6601
2026-06-10 08:00:00+00:00,1640.13,1640.88,1617.89,1621.31,11842.39301
2026-06-10 09:00:00+00:00,1621.31,1626.81,1605.47,1623.77,11377.84352
2026-06-10 10:00:00+00:00,1623.77,1630.38,1617.95,1628.34,6513.03437
2026-06-10 11:00:00+00:00,1628.34,1630.4,1611.44,1620.09,13502.30251
2026-06-10 12:00:00+00:00,1620.09,1645.47,1615.54,1635.42,17193.56559
2026-06-10 13:00:00+00:00,1635.42,1668.4,1631.67,1651.78,16737.55473
2026-06-10 14:00:00+00:00,1651.78,1655.78,1637.0,1646.78,14786.32457
2026-06-10 15:00:00+00:00,1646.78,1665.22,1635.54,1657.97,17059.7123
2026-06-10 16:00:00+00:00,1657.97,1659.05,1632.05,1642.28,12533.96667
2026-06-10 17:00:00+00:00,1642.28,1647.64,1622.51,1632.4,15045.61549
2026-06-10 18:00:00+00:00,1632.4,1636.99,1622.19,1631.13,9175.14197
2026-06-10 19:00:00+00:00,1631.13,1633.78,1622.91,1630.2,9178.90658
2026-06-10 20:00:00+00:00,1630.2,1636.43,1622.87,1630.65,7114.19402
2026-06-10 21:00:00+00:00,1630.65,1630.65,1603.61,1611.39,13191.28815
2026-06-10 22:00:00+00:00,1611.39,1622.55,1604.16,1616.67,11841.17126
2026-06-10 23:00:00+00:00,1616.67,1625.35,1609.07,1621.56,7665.73368
2026-06-11 00:00:00+00:00,1621.56,1634.77,1621.51,1628.57,7336.11757
2026-06-11 01:00:00+00:00,1628.57,1648.0,1628.57,1643.13,8599.11372
2026-06-11 02:00:00+00:00,1643.13,1646.56,1630.77,1641.13,11175.9029
2026-06-11 03:00:00+00:00,1641.13,1662.43,1636.2,1654.11,14331.29429
2026-06-11 04:00:00+00:00,1654.11,1659.9,1650.0,1657.02,5694.92943
2026-06-11 05:00:00+00:00,1657.02,1657.1,1647.66,1648.13,4402.66487
2026-06-11 06:00:00+00:00,1648.13,1663.25,1646.29,1654.86,8239.96703
2026-06-11 07:00:00+00:00,1654.86,1658.43,1651.67,1654.64,3970.04491
2026-06-11 08:00:00+00:00,1654.64,1664.51,1654.51,1660.13,4493.31851
2026-06-11 09:00:00+00:00,1660.13,1662.32,1656.11,1659.16,4340.15944
2026-06-11 10:00:00+00:00,1659.16,1661.99,1654.33,1659.04,4119.97155
2026-06-11 11:00:00+00:00,1659.04,1673.53,1656.29,1666.79,7960.59125
2026-06-11 12:00:00+00:00,1666.79,1666.99,1642.52,1651.61,14177.63299
2026-06-11 13:00:00+00:00,1651.61,1659.69,1644.51,1653.36,7869.56764
2026-06-11 14:00:00+00:00,1653.36,1655.56,1639.16,1642.97,8401.7293
2026-06-11 15:00:00+00:00,1642.97,1651.18,1635.66,1645.6,8864.29188
2026-06-11 16:00:00+00:00,1645.6,1649.86,1637.99,1639.62,5969.24451
2026-06-11 17:00:00+00:00,1639.62,1693.7,1632.7,1688.73,24518.88597
2026-06-11 18:00:00+00:00,1688.73,1692.0,1677.0,1684.06,10998.56127
2026-06-11 19:00:00+00:00,1684.06,1693.77,1676.09,1681.52,9276.3968
2026-06-11 20:00:00+00:00,1681.52,1683.23,1667.31,1672.63,5026.58279
2026-06-11 21:00:00+00:00,1672.63,1683.77,1672.44,1677.15,3600.85211
2026-06-11 22:00:00+00:00,1677.15,1683.65,1675.41,1676.23,4969.47816
2026-06-11 23:00:00+00:00,1676.23,1679.4,1670.18,1673.64,5794.99479
2026-06-12 00:00:00+00:00,1673.64,1678.22,1669.7,1672.79,6621.24374
2026-06-12 01:00:00+00:00,1672.79,1672.89,1660.0,1667.23,7031.10354
2026-06-12 02:00:00+00:00,1667.23,1678.82,1666.82,1675.91,5257.50907
2026-06-12 03:00:00+00:00,1675.91,1677.83,1668.87,1673.26,5089.34329
2026-06-12 04:00:00+00:00,1673.26,1683.33,1669.27,1677.55,7196.99187
2026-06-12 05:00:00+00:00,1677.55,1677.93,1661.98,1664.22,7747.11472
2026-06-12 06:00:00+00:00,1664.22,1666.8,1651.91,1657.44,9212.79938
2026-06-12 07:00:00+00:00,1657.44,1665.67,1656.03,1662.03,7105.70626
2026-06-12 08:00:00+00:00,1662.03,1678.14,1661.92,1673.38,8882.06978
2026-06-12 09:00:00+00:00,1673.38,1685.75,1671.1,1680.26,8012.97719
2026-06-12 10:00:00+00:00,1680.26,1683.55,1671.67,1674.91,6612.81799
2026-06-12 11:00:00+00:00,1674.91,1678.76,1671.92,1673.93,4776.91046
2026-06-12 12:00:00+00:00,1673.93,1673.93,1662.8,1666.78,6886.45661
2026-06-12 13:00:00+00:00,1666.78,1669.18,1653.29,1657.62,12290.72106
2026-06-12 14:00:00+00:00,1657.62,1686.19,1655.75,1685.82,18719.05261
2026-06-12 15:00:00+00:00,1685.82,1691.32,1658.65,1660.0,26921.298
2026-06-12 16:00:00+00:00,1660.0,1675.95,1657.37,1672.95,19557.90428
2026-06-12 17:00:00+00:00,1672.95,1678.18,1667.18,1668.88,7186.08669
2026-06-12 18:00:00+00:00,1668.88,1673.57,1663.32,1666.74,7751.31128
2026-06-12 19:00:00+00:00,1666.74,1672.76,1664.63,1665.77,5075.2216
2026-06-12 20:00:00+00:00,1665.77,1667.97,1662.01,1664.92,3924.13637
2026-06-12 21:00:00+00:00,1664.92,1668.08,1662.88,1664.2,2205.43688
2026-06-12 22:00:00+00:00,1664.2,1667.42,1661.37,1662.48,2935.37193
2026-06-12 23:00:00+00:00,1662.48,1666.46,1659.0,1666.46,3046.4526
2026-06-13 00:00:00+00:00,1666.46,1669.2,1664.93,1667.47,3230.48074
2026-06-13 01:00:00+00:00,1667.47,1675.82,1666.48,1674.18,5116.95015
2026-06-13 02:00:00+00:00,1674.18,1674.7,1665.5,1668.09,3354.12702
2026-06-13 03:00:00+00:00,1668.09,1669.57,1662.69,1665.35,4198.85925
2026-06-13 04:00:00+00:00,1665.35,1668.35,1663.6,1664.47,1453.52576
2026-06-13 05:00:00+00:00,1664.47,1665.85,1662.03,1665.19,2364.23332
2026-06-13 06:00:00+00:00,1665.19,1670.24,1663.8,1669.73,2285.57145
2026-06-13 07:00:00+00:00,1669.73,1678.24,1668.28,1676.32,7257.00178
2026-06-13 08:00:00+00:00,1676.32,1679.81,1673.55,1674.6,6011.72487
2026-06-13 09:00:00+00:00,1674.6,1676.51,1672.87,1673.73,2282.93396
2026-06-13 10:00:00+00:00,1673.73,1676.36,1672.75,1674.16,2366.13122
2026-06-13 11:00:00+00:00,1674.16,1679.15,1673.36,1678.34,2657.41541
2026-06-13 12:00:00+00:00,1678.34,1683.74,1676.55,1680.57,2567.78915
2026-06-13 13:00:00+00:00,1680.57,1681.66,1676.6,1677.99,2564.10782
2026-06-13 14:00:00+00:00,1677.99,1681.66,1677.63,1680.04,2960.29469
2026-06-13 15:00:00+00:00,1680.04,1687.01,1678.48,1682.16,4614.75289
2026-06-13 16:00:00+00:00,1682.16,1682.71,1671.08,1676.76,8876.41516
2026-06-13 17:00:00+00:00,1676.76,1678.5,1673.21,1674.29,2596.70505
2026-06-13 18:00:00+00:00,1674.29,1682.72,1674.12,1678.43,2202.63584
2026-06-13 19:00:00+00:00,1678.43,1680.13,1676.0,1678.3,1799.73307
2026-06-13 20:00:00+00:00,1678.3,1678.51,1675.16,1676.59,1026.70196
2026-06-13 21:00:00+00:00,1676.59,1697.78,1675.0,1686.45,4290.61748
2026-06-13 22:00:00+00:00,1686.45,1686.53,1681.49,1681.49,2155.63845
2026-06-13 23:00:00+00:00,1681.49,1684.2,1678.19,1681.23,1415.68144
2026-06-14 00:00:00+00:00,1681.23,1683.5,1678.83,1682.04,1094.41242
2026-06-14 01:00:00+00:00,1682.04,1690.51,1680.23,1683.82,1999.42692
2026-06-14 02:00:00+00:00,1683.82,1685.77,1681.38,1682.27,1635.37324
2026-06-14 03:00:00+00:00,1682.27,1683.26,1679.9,1681.73,1600.5471
2026-06-14 04:00:00+00:00,1681.73,1682.73,1676.16,1677.91,2423.54511
2026-06-14 05:00:00+00:00,1677.91,1679.26,1673.91,1678.32,3449.64103
2026-06-14 06:00:00+00:00,1678.32,1682.43,1675.33,1676.15,6252.58895
2026-06-14 07:00:00+00:00,1676.15,1677.33,1673.65,1675.72,2358.17813
2026-06-14 08:00:00+00:00,1675.72,1678.66,1674.54,1675.49,2861.01667
2026-06-14 09:00:00+00:00,1675.49,1679.04,1669.03,1678.37,4146.17375
2026-06-14 10:00:00+00:00,1678.37,1678.52,1673.09,1673.09,1802.2789
2026-06-14 11:00:00+00:00,1673.09,1677.08,1672.25,1673.68,1810.84452
2026-06-14 12:00:00+00:00,1673.68,1674.61,1664.6,1666.92,2804.92906
2026-06-14 13:00:00+00:00,1666.92,1670.04,1664.4,1666.48,2921.80566
2026-06-14 14:00:00+00:00,1666.48,1670.28,1654.71,1659.69,5517.74702
2026-06-14 15:00:00+00:00,1659.69,1664.72,1659.54,1662.91,2777.68607
2026-06-14 16:00:00+00:00,1662.91,1668.49,1659.79,1661.38,3273.41361
2026-06-14 17:00:00+00:00,1661.38,1666.62,1660.82,1662.2,3586.9048
2026-06-14 18:00:00+00:00,1662.2,1663.29,1658.84,1662.07,2237.78798
2026-06-14 19:00:00+00:00,1662.07,1668.06,1661.03,1665.36,1940.16247
2026-06-14 20:00:00+00:00,1665.36,1673.92,1662.65,1670.54,3493.82169
2026-06-14 21:00:00+00:00,1670.54,1732.44,1669.96,1718.6,18725.19027
2026-06-14 22:00:00+00:00,1718.6,1729.36,1712.24,1722.67,9053.73408
2026-06-14 23:00:00+00:00,1722.67,1726.64,1716.71,1725.86,6258.92034
2026-06-15 00:00:00+00:00,1725.86,1733.04,1720.01,1721.04,6085.47173
2026-06-15 01:00:00+00:00,1721.04,1721.91,1709.83,1715.94,4668.67575
2026-06-15 02:00:00+00:00,1715.94,1727.07,1714.23,1716.99,4804.80174
2026-06-15 03:00:00+00:00,1716.99,1724.39,1715.55,1721.04,4321.65416
2026-06-15 04:00:00+00:00,1721.04,1721.65,1716.06,1717.21,3682.48463
2026-06-15 05:00:00+00:00,1717.21,1722.83,1716.05,1720.78,2836.46961
2026-06-15 06:00:00+00:00,1720.78,1723.64,1718.54,1720.12,2665.73655
2026-06-15 07:00:00+00:00,1720.12,1724.2,1716.31,1716.56,3877.75829
2026-06-15 08:00:00+00:00,1716.56,1721.96,1715.53,1720.47,3220.70397
2026-06-15 09:00:00+00:00,1720.47,1727.18,1712.51,1718.76,6184.38437
2026-06-15 10:00:00+00:00,1718.76,1749.98,1718.2,1737.98,9954.737
2026-06-15 11:00:00+00:00,1737.98,1771.79,1734.29,1764.73,18246.28041
2026-06-15 12:00:00+00:00,1764.73,1777.92,1760.32,1777.45,9719.89788
2026-06-15 13:00:00+00:00,1777.45,1827.26,1774.54,1814.32,29027.66406
2026-06-15 14:00:00+00:00,1814.32,1818.4,1804.56,1814.28,8657.92272
2026-06-15 15:00:00+00:00,1814.28,1850.0,1813.3,1845.72,17109.57074
2026-06-15 16:00:00+00:00,1845.72,1847.61,1837.73,1842.84,9030.89429
2026-06-15 17:00:00+00:00,1842.84,1842.84,1823.9,1829.29,7497.97498
2026-06-15 18:00:00+00:00,1829.29,1835.72,1825.89,1828.14,3174.82843
2026-06-15 19:00:00+00:00,1828.14,1834.54,1811.37,1822.04,6818.35421
2026-06-15 20:00:00+00:00,1822.04,1826.91,1815.26,1817.01,4972.19172
2026-06-15 21:00:00+00:00,1817.01,1822.29,1809.38,1811.31,2799.4331
2026-06-15 22:00:00+00:00,1811.31,1813.52,1786.96,1789.62,7321.93707
2026-06-15 23:00:00+00:00,1789.62,1797.62,1782.71,1796.0,4213.44332
2026-06-16 00:00:00+00:00,1796.0,1802.16,1788.8,1789.59,4988.96533
2026-06-16 01:00:00+00:00,1789.59,1797.43,1789.07,1792.16,2955.13907
2026-06-16 02:00:00+00:00,1792.16,1794.08,1767.62,1770.39,8094.19851
2026-06-16 03:00:00+00:00,1770.39,1780.84,1764.91,1779.32,7648.90076
2026-06-16 04:00:00+00:00,1779.32,1783.45,1758.46,1760.66,7981.52334
2026-06-16 05:00:00+00:00,1760.66,1765.98,1760.6,1762.22,3923.85846
2026-06-16 06:00:00+00:00,1762.22,1774.16,1762.22,1771.48,3154.48246
2026-06-16 07:00:00+00:00,1771.48,1776.6,1769.04,1774.03,4764.84526
2026-06-16 08:00:00+00:00,1774.03,1808.04,1773.04,1803.45,10548.6329
2026-06-16 09:00:00+00:00,1803.45,1805.78,1787.01,1789.7,6708.30127
2026-06-16 10:00:00+00:00,1789.7,1800.48,1788.59,1794.2,4891.90797
2026-06-16 11:00:00+00:00,1794.2,1800.38,1791.15,1799.62,4591.64351
2026-06-16 12:00:00+00:00,1799.62,1839.81,1796.86,1814.89,16336.40103
2026-06-16 13:00:00+00:00,1814.89,1817.32,1791.45,1797.8,11024.07662
2026-06-16 14:00:00+00:00,1797.8,1805.58,1763.43,1780.52,12101.52003
2026-06-16 15:00:00+00:00,1780.52,1788.42,1774.56,1782.53,8088.32268
2026-06-16 16:00:00+00:00,1782.53,1785.71,1773.03,1778.04,3621.75901
2026-06-16 17:00:00+00:00,1778.04,1799.82,1777.38,1795.19,4693.96817
2026-06-16 18:00:00+00:00,1795.19,1808.8,1792.46,1799.35,7819.86216
2026-06-16 19:00:00+00:00,1799.35,1801.22,1790.05,1795.48,6824.96461
2026-06-16 20:00:00+00:00,1795.48,1798.57,1789.47,1797.95,3604.39197
2026-06-16 21:00:00+00:00,1797.95,1800.56,1790.44,1796.38,2383.6321
2026-06-16 22:00:00+00:00,1796.38,1799.63,1791.15,1796.36,1336.77002
2026-06-16 23:00:00+00:00,1796.36,1798.94,1791.26,1793.12,1433.25758
2026-06-17 00:00:00+00:00,1793.12,1799.2,1791.97,1794.18,1487.90236
2026-06-17 01:00:00+00:00,1794.18,1799.26,1779.61,1797.82,3923.07848
2026-06-17 02:00:00+00:00,1797.82,1810.41,1788.75,1795.73,5251.42287
2026-06-17 03:00:00+00:00,1795.73,1797.6,1787.77,1793.91,3539.88084
2026-06-17 04:00:00+00:00,1793.91,1802.22,1792.21,1794.42,1782.17986
2026-06-17 05:00:00+00:00,1794.42,1799.49,1789.21,1794.25,2210.55264
2026-06-17 06:00:00+00:00,1794.25,1797.37,1786.42,1790.48,2322.57557
2026-06-17 07:00:00+00:00,1790.48,1792.68,1778.95,1785.32,4140.68483
2026-06-17 08:00:00+00:00,1785.32,1786.55,1760.28,1765.3,8634.64526
2026-06-17 09:00:00+00:00,1765.3,1777.66,1764.95,1773.08,3846.38688
2026-06-17 10:00:00+00:00,1773.08,1776.04,1767.01,1768.45,2565.2131
2026-06-17 11:00:00+00:00,1768.45,1770.82,1759.37,1764.09,4088.38199
2026-06-17 12:00:00+00:00,1764.09,1766.04,1743.08,1759.48,7874.31384
2026-06-17 13:00:00+00:00,1759.48,1771.84,1754.81,1761.27,5230.83662
2026-06-17 14:00:00+00:00,1761.27,1765.63,1741.35,1754.98,7657.18251
2026-06-17 15:00:00+00:00,1754.98,1777.06,1751.12,1773.39,4246.90249
2026-06-17 16:00:00+00:00,1773.39,1792.07,1769.55,1771.99,5454.47415
2026-06-17 17:00:00+00:00,1771.99,1796.64,1767.76,1789.3,7688.28913
2026-06-17 18:00:00+00:00,1789.3,1789.68,1746.26,1770.2,16739.3727
2026-06-17 19:00:00+00:00,1770.2,1776.04,1729.17,1734.74,14268.61893
2026-06-17 20:00:00+00:00,1734.74,1748.0,1733.11,1747.42,3922.04156
2026-06-17 21:00:00+00:00,1747.42,1748.15,1736.44,1738.96,2221.47978
2026-06-17 22:00:00+00:00,1738.96,1746.66,1725.1,1740.33,2767.19517
2026-06-17 23:00:00+00:00,1740.33,1751.91,1739.93,1750.43,1498.23532
2026-06-18 00:00:00+00:00,1750.43,1759.44,1749.92,1753.18,2642.34359
2026-06-18 01:00:00+00:00,1753.18,1762.99,1752.86,1755.06,2730.77533
2026-06-18 02:00:00+00:00,1755.06,1759.14,1750.34,1755.97,2487.04036
2026-06-18 03:00:00+00:00,1755.97,1756.24,1741.52,1744.27,2320.32943
2026-06-18 04:00:00+00:00,1744.27,1746.0,1729.75,1730.5,4701.09333
2026-06-18 05:00:00+00:00,1730.5,1733.06,1721.93,1730.95,5785.91542
2026-06-18 06:00:00+00:00,1730.95,1736.85,1725.42,1735.35,3820.60563
2026-06-18 07:00:00+00:00,1735.35,1753.37,1732.81,1749.99,6157.9478
2026-06-18 08:00:00+00:00,1749.99,1753.54,1746.38,1748.0,5042.92912
2026-06-18 09:00:00+00:00,1748.0,1752.14,1742.67,1746.35,5150.75214
2026-06-18 10:00:00+00:00,1746.35,1753.27,1739.68,1746.99,3289.58085
2026-06-18 11:00:00+00:00,1746.99,1749.59,1739.33,1743.35,2583.66125
2026-06-18 12:00:00+00:00,1743.35,1753.36,1741.81,1750.31,2332.69202
2026-06-18 13:00:00+00:00,1750.31,1752.69,1728.12,1736.71,5895.25806
2026-06-18 14:00:00+00:00,1736.71,1745.48,1729.62,1739.76,4943.48938
2026-06-18 15:00:00+00:00,1739.76,1740.18,1679.57,1682.12,20849.98195
2026-06-18 16:00:00+00:00,1682.12,1692.93,1680.26,1686.9,8799.11639
2026-06-18 17:00:00+00:00,1686.9,1687.66,1671.72,1679.34,6106.87158
2026-06-18 18:00:00+00:00,1679.34,1689.22,1676.26,1685.17,4014.76568
2026-06-18 19:00:00+00:00,1685.17,1707.79,1682.78,1705.28,4137.91045
2026-06-18 20:00:00+00:00,1705.28,1717.54,1705.28,1710.59,3292.833
2026-06-18 21:00:00+00:00,1710.59,1712.04,1701.88,1708.42,2350.16086
2026-06-18 22:00:00+00:00,1708.42,1708.66,1699.95,1706.91,1760.76571
2026-06-18 23:00:00+00:00,1706.91,1712.48,1702.85,1711.06,2024.73203
2026-06-19 00:00:00+00:00,1711.06,1716.29,1708.72,1713.86,1727.83237
2026-06-19 01:00:00+00:00,1713.86,1719.56,1706.15,1713.52,1805.30457
2026-06-19 02:00:00+00:00,1713.52,1715.32,1701.04,1707.12,2469.30783
2026-06-19 03:00:00+00:00,1707.12,1708.39,1682.07,1697.67,5872.95381
2026-06-19 04:00:00+00:00,1697.67,1703.02,1685.44,1689.54,3218.46338
2026-06-19 05:00:00+00:00,1689.54,1697.74,1689.39,1697.55,2289.68173
2026-06-19 06:00:00+00:00,1697.55,1703.46,1696.07,1700.33,2136.26076
2026-06-19 07:00:00+00:00,1700.33,1701.02,1690.02,1695.84,3395.17497
2026-06-19 08:00:00+00:00,1695.84,1699.16,1693.4,1697.81,1990.87199
2026-06-19 09:00:00+00:00,1697.81,1699.85,1688.48,1689.21,3184.64679
2026-06-19 10:00:00+00:00,1689.21,1694.71,1687.12,1692.65,1815.20651
2026-06-19 11:00:00+00:00,1692.65,1694.42,1688.69,1691.8,1243.86304
2026-06-19 12:00:00+00:00,1691.8,1696.0,1679.09,1695.37,3788.1131
2026-06-19 13:00:00+00:00,1695.37,1711.39,1687.61,1703.23,4900.50297
2026-06-19 14:00:00+00:00,1703.23,1710.05,1696.32,1706.94,2966.67565
2026-06-19 15:00:00+00:00,1706.94,1712.38,1698.26,1707.89,3108.96971
2026-06-19 16:00:00+00:00,1707.89,1711.9,1694.8,1696.82,3318.81271
2026-06-19 17:00:00+00:00,1696.82,1706.4,1693.45,1704.77,2151.42389
2026-06-19 18:00:00+00:00,1704.77,1705.48,1698.28,1702.81,1200.72238
2026-06-19 19:00:00+00:00,1702.81,1704.74,1698.21,1701.15,1145.45812
2026-06-19 20:00:00+00:00,1701.15,1709.4,1698.71,1708.83,1336.03326
2026-06-19 21:00:00+00:00,1708.83,1708.83,1701.36,1702.01,791.72666
2026-06-19 22:00:00+00:00,1702.01,1710.47,1700.53,1707.63,1468.49419
2026-06-19 23:00:00+00:00,1707.63,1715.25,1704.83,1711.18,1334.14362
2026-06-20 00:00:00+00:00,1711.18,1718.24,1708.23,1708.84,2221.93918
2026-06-20 01:00:00+00:00,1708.84,1713.43,1706.56,1709.94,976.04566
2026-06-20 02:00:00+00:00,1709.94,1710.62,1703.88,1705.07,932.78633
2026-06-20 03:00:00+00:00,1705.07,1709.35,1704.57,1708.29,382.00641
2026-06-20 04:00:00+00:00,1708.29,1715.53,1706.56,1713.58,1378.31466
2026-06-20 05:00:00+00:00,1713.58,1733.85,1712.34,1726.13,4904.22099
2026-06-20 06:00:00+00:00,1726.13,1729.9,1724.01,1727.91,1561.41543
2026-06-20 07:00:00+00:00,1727.91,1729.65,1723.01,1725.74,1390.6984
2026-06-20 08:00:00+00:00,1725.74,1726.99,1721.46,1722.99,2316.5214
2026-06-20 09:00:00+00:00,1722.99,1730.32,1722.99,1728.59,1564.33247
2026-06-20 10:00:00+00:00,1728.59,1729.77,1725.52,1727.78,1444.42745
2026-06-20 11:00:00+00:00,1727.78,1732.56,1725.94,1727.22,1419.3103
2026-06-20 12:00:00+00:00,1727.22,1730.51,1723.77,1727.06,1388.0162
2026-06-20 13:00:00+00:00,1727.06,1727.32,1712.97,1717.72,2655.326
2026-06-20 14:00:00+00:00,1717.72,1746.7,1708.2,1733.35,5905.11027
2026-06-20 15:00:00+00:00,1733.35,1749.63,1729.37,1740.75,5330.30502
2026-06-20 16:00:00+00:00,1740.75,1741.11,1730.78,1733.99,1458.94215
2026-06-20 17:00:00+00:00,1733.99,1733.99,1720.97,1726.81,3316.03818
2026-06-20 18:00:00+00:00,1726.81,1731.95,1725.97,1726.75,1573.51224
2026-06-20 19:00:00+00:00,1726.75,1730.25,1724.86,1729.23,2845.51625
2026-06-20 20:00:00+00:00,1729.23,1731.34,1726.44,1731.0,542.82872
2026-06-20 21:00:00+00:00,1731.0,1738.13,1730.38,1735.42,1908.61719
2026-06-20 22:00:00+00:00,1735.42,1746.33,1733.13,1743.56,4685.72522
2026-06-20 23:00:00+00:00,1743.56,1743.95,1740.62,1740.83,2298.81369
2026-06-21 00:00:00+00:00,1740.83,1741.06,1736.31,1737.87,1686.00148
2026-06-21 01:00:00+00:00,1737.87,1740.21,1734.43,1737.12,1052.79767
2026-06-21 02:00:00+00:00,1737.12,1738.25,1735.66,1736.29,444.93725
2026-06-21 03:00:00+00:00,1736.29,1741.7,1733.72,1738.05,1509.99805
2026-06-21 04:00:00+00:00,1738.05,1741.57,1731.73,1733.02,1029.0361
2026-06-21 05:00:00+00:00,1733.02,1736.77,1729.8,1733.51,1828.9156
2026-06-21 06:00:00+00:00,1733.51,1738.75,1732.52,1736.16,980.21596
2026-06-21 07:00:00+00:00,1736.16,1736.38,1731.45,1732.2,856.7663
2026-06-21 08:00:00+00:00,1732.2,1733.17,1723.73,1729.06,2337.06637
2026-06-21 09:00:00+00:00,1729.06,1734.32,1725.81,1732.85,1645.54397
2026-06-21 10:00:00+00:00,1732.85,1737.05,1730.93,1731.45,1312.74645
2026-06-21 11:00:00+00:00,1731.45,1734.99,1718.52,1725.34,3206.89909
2026-06-21 12:00:00+00:00,1725.34,1726.98,1716.7,1725.82,3623.71096
2026-06-21 13:00:00+00:00,1725.82,1728.09,1722.0,1725.03,1922.42905
2026-06-21 14:00:00+00:00,1725.03,1728.68,1721.8,1728.39,1043.05069
2026-06-21 15:00:00+00:00,1728.39,1732.64,1726.83,1730.84,2589.10341
2026-06-21 16:00:00+00:00,1730.84,1730.84,1722.09,1728.35,1746.38435
2026-06-21 17:00:00+00:00,1728.35,1731.66,1726.1,1727.33,1897.48543
2026-06-21 18:00:00+00:00,1727.33,1737.92,1721.77,1735.43,3083.85048
2026-06-21 19:00:00+00:00,1735.43,1739.41,1733.69,1734.2,1246.21575
2026-06-21 20:00:00+00:00,1734.2,1735.53,1717.23,1721.3,2805.54923
2026-06-21 21:00:00+00:00,1721.3,1724.07,1701.54,1718.38,6528.26801
2026-06-21 22:00:00+00:00,1718.38,1721.19,1708.54,1717.71,5507.85853
2026-06-21 23:00:00+00:00,1717.71,1717.71,1704.07,1706.77,4025.53131
2026-06-22 00:00:00+00:00,1706.77,1732.22,1706.73,1726.91,4974.60995
2026-06-22 01:00:00+00:00,1726.91,1759.92,1724.68,1743.89,11321.1527
2026-06-22 02:00:00+00:00,1743.89,1745.45,1737.36,1737.36,3460.67267
2026-06-22 03:00:00+00:00,1737.36,1741.13,1726.59,1730.21,4504.23843
2026-06-22 04:00:00+00:00,1730.21,1735.99,1727.58,1735.26,2051.7787
2026-06-22 05:00:00+00:00,1735.26,1739.68,1734.12,1736.98,2539.50291
2026-06-22 06:00:00+00:00,1736.98,1740.43,1733.26,1735.03,1609.96763
2026-06-22 07:00:00+00:00,1735.03,1751.74,1734.71,1746.57,4402.58395
2026-06-22 08:00:00+00:00,1746.57,1752.37,1743.55,1748.03,2539.69491
2026-06-22 09:00:00+00:00,1748.03,1750.77,1743.69,1746.24,2419.37016
2026-06-22 10:00:00+00:00,1746.24,1751.76,1745.16,1748.98,3274.75029
2026-06-22 11:00:00+00:00,1748.98,1774.97,1747.54,1767.92,15891.68063
2026-06-22 12:00:00+00:00,1767.92,1772.69,1761.06,1764.18,8935.8464
2026-06-22 13:00:00+00:00,1764.18,1779.91,1761.98,1777.85,10799.60975
2026-06-22 14:00:00+00:00,1777.85,1778.15,1750.07,1754.54,8301.93604
2026-06-22 15:00:00+00:00,1754.54,1757.99,1742.28,1744.76,5822.19868
2026-06-22 16:00:00+00:00,1744.76,1746.25,1733.69,1740.37,8955.94172
2026-06-22 17:00:00+00:00,1740.37,1743.29,1731.28,1740.98,4772.68743
2026-06-22 18:00:00+00:00,1740.98,1747.99,1729.56,1733.65,6733.43672
2026-06-22 19:00:00+00:00,1733.65,1736.86,1728.84,1734.56,5281.5356
2026-06-22 20:00:00+00:00,1734.56,1739.88,1731.0,1734.52,4937.66932
2026-06-22 21:00:00+00:00,1734.52,1737.49,1726.37,1732.9,2018.17109
2026-06-22 22:00:00+00:00,1732.9,1735.93,1716.8,1724.26,6440.80458
2026-06-22 23:00:00+00:00,1724.26,1730.33,1721.14,1728.12,2912.59411
2026-06-23 00:00:00+00:00,1728.12,1732.02,1719.5,1731.34,2859.02949
2026-06-23 01:00:00+00:00,1731.34,1736.34,1721.09,1730.51,2620.82373
2026-06-23 02:00:00+00:00,1730.51,1734.93,1726.25,1732.6,1203.11624
2026-06-23 03:00:00+00:00,1732.6,1733.11,1725.95,1729.9,1072.4407
2026-06-23 04:00:00+00:00,1729.9,1731.28,1718.03,1719.09,2216.39286
2026-06-23 05:00:00+00:00,1719.09,1721.44,1710.21,1713.34,6267.27806
2026-06-23 06:00:00+00:00,1713.34,1713.65,1680.19,1691.99,17611.60828
2026-06-23 07:00:00+00:00,1691.99,1696.34,1682.01,1682.73,5327.3083
2026-06-23 08:00:00+00:00,1682.73,1685.14,1634.48,1648.3,24693.65649
2026-06-23 09:00:00+00:00,1648.3,1654.31,1648.01,1650.97,4389.10109
2026-06-23 10:00:00+00:00,1650.97,1658.66,1649.2,1652.65,4832.75121
2026-06-23 11:00:00+00:00,1652.65,1663.74,1652.58,1660.72,5923.53498
2026-06-23 12:00:00+00:00,1660.72,1662.39,1653.42,1654.6,4779.15173
2026-06-23 13:00:00+00:00,1654.6,1664.04,1645.0,1662.61,11887.38417
2026-06-23 14:00:00+00:00,1662.61,1671.99,1657.92,1661.94,9913.44667
2026-06-23 15:00:00+00:00,1661.94,1663.56,1651.12,1659.73,6675.37299
2026-06-23 16:00:00+00:00,1659.73,1674.03,1657.72,1659.33,6309.62324
2026-06-23 17:00:00+00:00,1659.33,1664.96,1654.45,1656.74,3575.37691
2026-06-23 18:00:00+00:00,1656.74,1660.64,1649.63,1655.47,4426.23155
2026-06-23 19:00:00+00:00,1655.47,1663.99,1655.16,1662.48,3664.95228
2026-06-23 20:00:00+00:00,1662.48,1667.7,1661.04,1663.84,2579.48747
2026-06-23 21:00:00+00:00,1663.84,1668.42,1663.39,1666.7,1579.59164
2026-06-23 22:00:00+00:00,1666.7,1673.0,1662.88,1664.57,1620.89998
2026-06-23 23:00:00+00:00,1664.57,1669.33,1660.13,1667.03,2382.54262
2026-06-24 00:00:00+00:00,1667.03,1674.7,1666.51,1671.27,1897.34012
2026-06-24 01:00:00+00:00,1671.27,1680.55,1665.85,1672.78,2544.76891
2026-06-24 02:00:00+00:00,1672.78,1673.83,1663.43,1663.91,3241.73407
2026-06-24 03:00:00+00:00,1663.91,1670.43,1657.98,1666.75,2324.15513
2026-06-24 04:00:00+00:00,1666.75,1670.97,1658.07,1669.08,2264.44065
2026-06-24 05:00:00+00:00,1669.08,1679.46,1667.68,1674.42,2265.90081
2026-06-24 06:00:00+00:00,1674.42,1676.9,1670.44,1674.71,1464.92898
2026-06-24 07:00:00+00:00,1674.71,1678.58,1670.76,1672.89,3410.8027
2026-06-24 08:00:00+00:00,1672.89,1675.11,1669.16,1673.33,2830.59439
2026-06-24 09:00:00+00:00,1673.33,1673.35,1665.25,1667.0,1669.98761
2026-06-24 10:00:00+00:00,1667.0,1668.04,1662.42,1663.8,2669.16982
2026-06-24 11:00:00+00:00,1663.8,1693.0,1655.7,1679.57,8038.25383
2026-06-24 12:00:00+00:00,1679.57,1681.27,1670.64,1671.65,3074.94919
2026-06-24 13:00:00+00:00,1671.65,1672.48,1641.28,1645.21,15437.80332
2026-06-24 14:00:00+00:00,1645.21,1657.59,1638.09,1647.4,11155.04617
2026-06-24 15:00:00+00:00,1647.4,1651.25,1616.87,1618.23,14888.10627
2026-06-24 16:00:00+00:00,1618.23,1636.14,1585.05,1589.83,20720.10517
2026-06-24 17:00:00+00:00,1589.83,1597.57,1552.44,1560.14,29726.19424
2026-06-24 18:00:00+00:00,1560.14,1584.9,1556.35,1572.37,12043.51221
2026-06-24 19:00:00+00:00,1572.37,1585.42,1566.85,1584.61,7473.08012
2026-06-24 20:00:00+00:00,1584.61,1622.0,1579.82,1613.75,11769.86773
2026-06-24 21:00:00+00:00,1613.75,1621.66,1605.77,1621.11,2482.61809
2026-06-24 22:00:00+00:00,1621.11,1629.48,1613.5,1615.37,2682.1023
2026-06-24 23:00:00+00:00,1615.37,1623.58,1613.45,1622.38,1587.30074
2026-06-25 00:00:00+00:00,1622.38,1626.54,1616.26,1618.88,2993.09293
2026-06-25 01:00:00+00:00,1618.88,1624.18,1614.34,1620.61,2296.56842
2026-06-25 02:00:00+00:00,1620.61,1621.6,1615.0,1620.94,1277.97867
2026-06-25 03:00:00+00:00,1620.94,1624.12,1616.17,1619.56,1987.06801
2026-06-25 04:00:00+00:00,1619.56,1636.67,1617.05,1634.87,4217.47426
2026-06-25 05:00:00+00:00,1634.87,1652.56,1633.42,1645.96,8517.12702
2026-06-25 06:00:00+00:00,1645.96,1660.65,1644.3,1653.93,5023.82529
2026-06-25 07:00:00+00:00,1653.93,1659.87,1651.21,1657.27,4934.44128
2026-06-25 08:00:00+00:00,1657.27,1659.15,1651.04,1652.79,2758.70746
2026-06-25 09:00:00+00:00,1652.79,1655.31,1646.72,1648.7,3131.25518
2026-06-25 10:00:00+00:00,1648.7,1649.86,1633.67,1636.63,3705.46367
2026-06-25 11:00:00+00:00,1636.63,1639.03,1627.88,1633.19,6913.22062
2026-06-25 12:00:00+00:00,1633.19,1650.19,1624.69,1635.59,8457.93263
2026-06-25 13:00:00+00:00,1635.59,1640.58,1532.4,1538.3,30877.27083
2026-06-25 14:00:00+00:00,1538.3,1593.71,1538.01,1568.46,29580.4363
2026-06-25 15:00:00+00:00,1568.46,1573.42,1544.21,1570.21,14769.73847
2026-06-25 16:00:00+00:00,1570.21,1587.73,1558.16,1561.94,10626.78037
2026-06-25 17:00:00+00:00,1561.94,1575.5,1557.18,1574.93,6647.04473
2026-06-25 18:00:00+00:00,1574.93,1577.57,1559.68,1567.75,5930.22948
2026-06-25 19:00:00+00:00,1567.75,1567.85,1554.56,1559.4,4752.1764
2026-06-25 20:00:00+00:00,1559.4,1570.77,1556.66,1560.34,4223.74858
2026-06-25 21:00:00+00:00,1560.34,1583.18,1560.13,1580.75,3466.76273
2026-06-25 22:00:00+00:00,1580.75,1583.59,1566.44,1570.31,3404.51916
2026-06-25 23:00:00+00:00,1570.31,1579.95,1564.41,1567.75,4635.14123
2026-06-26 00:00:00+00:00,1567.75,1571.88,1563.76,1564.76,2480.77188
2026-06-26 01:00:00+00:00,1564.76,1568.64,1555.32,1560.25,3210.87891
2026-06-26 02:00:00+00:00,1560.25,1560.99,1519.41,1524.66,15356.91582
2026-06-26 03:00:00+00:00,1524.66,1563.79,1512.11,1558.26,12902.99302
2026-06-26 04:00:00+00:00,1558.26,1560.82,1547.6,1549.85,2950.48574
2026-06-26 05:00:00+00:00,1549.85,1559.36,1548.18,1555.73,2550.50159
2026-06-26 06:00:00+00:00,1555.73,1574.15,1543.57,1571.07,7163.8549
2026-06-26 07:00:00+00:00,1571.07,1586.42,1570.72,1580.91,7570.48748
2026-06-26 08:00:00+00:00,1580.91,1582.39,1563.58,1566.57,4607.8489
2026-06-26 09:00:00+00:00,1566.57,1567.3,1549.32,1553.07,3851.91818
2026-06-26 10:00:00+00:00,1553.07,1556.35,1544.88,1548.43,3771.24711
2026-06-26 11:00:00+00:00,1548.43,1555.41,1540.93,1545.3,3552.32106
2026-06-26 12:00:00+00:00,1545.3,1560.63,1527.72,1536.32,8378.8643
2026-06-26 13:00:00+00:00,1536.32,1571.46,1521.04,1569.35,11155.39361
2026-06-26 14:00:00+00:00,1569.35,1575.5,1553.5,1560.05,9312.9563
2026-06-26 15:00:00+00:00,1560.05,1588.56,1559.5,1580.21,8003.83981
2026-06-26 16:00:00+00:00,1580.21,1594.96,1572.56,1577.84,8284.47786
2026-06-26 17:00:00+00:00,1577.84,1589.12,1576.55,1581.88,5168.1897
2026-06-26 18:00:00+00:00,1581.88,1585.75,1570.35,1573.29,2580.0469
2026-06-26 19:00:00+00:00,1573.29,1584.32,1570.52,1574.6,4750.28993
2026-06-26 20:00:00+00:00,1574.6,1583.67,1567.91,1570.93,4152.92263
2026-06-26 21:00:00+00:00,1570.93,1579.39,1568.39,1575.19,963.64984
2026-06-26 22:00:00+00:00,1575.19,1579.49,1569.36,1578.0,1116.32742
2026-06-26 23:00:00+00:00,1578.0,1580.85,1574.34,1578.69,1054.61194
2026-06-27 00:00:00+00:00,1578.69,1582.29,1571.45,1576.77,1601.95329
2026-06-27 01:00:00+00:00,1576.77,1577.82,1574.01,1576.01,457.7867
2026-06-27 02:00:00+00:00,1576.01,1587.16,1574.53,1583.22,1756.23093
2026-06-27 03:00:00+00:00,1583.22,1585.33,1578.49,1580.64,1149.62228
2026-06-27 04:00:00+00:00,1580.64,1585.39,1578.94,1579.6,987.70627
2026-06-27 05:00:00+00:00,1579.6,1581.39,1576.95,1578.7,923.08673
2026-06-27 06:00:00+00:00,1578.7,1584.68,1575.34,1582.86,1731.1
2026-06-27 07:00:00+00:00,1582.86,1586.62,1580.19,1585.73,2773.88053
2026-06-27 08:00:00+00:00,1585.73,1586.13,1581.85,1584.27,1552.40316
2026-06-27 09:00:00+00:00,1584.27,1585.12,1579.5,1582.71,1175.03359
2026-06-27 10:00:00+00:00,1582.71,1584.92,1581.97,1584.25,542.28623
2026-06-27 11:00:00+00:00,1584.25,1585.29,1578.85,1583.88,1284.93637
2026-06-27 12:00:00+00:00,1583.88,1586.35,1581.34,1585.87,920.03445
2026-06-27 13:00:00+00:00,1585.87,1593.27,1584.85,1592.18,2096.23062
2026-06-27 14:00:00+00:00,1592.18,1598.92,1589.36,1594.55,2282.24978
2026-06-27 15:00:00+00:00,1594.55,1610.93,1593.83,1605.52,5663.93189
2026-06-27 16:00:00+00:00,1605.52,1607.75,1601.36,1606.88,1542.01703
2026-06-27 17:00:00+00:00,1606.88,1606.92,1588.56,1591.46,5286.15711
2026-06-27 18:00:00+00:00,1591.46,1594.77,1589.18,1594.11,1622.64756
2026-06-27 19:00:00+00:00,1594.11,1595.28,1573.25,1578.27,4541.69156
2026-06-27 20:00:00+00:00,1578.27,1583.21,1578.21,1581.49,1219.8391
2026-06-27 21:00:00+00:00,1581.49,1585.12,1574.26,1575.16,1811.76719
2026-06-27 22:00:00+00:00,1575.16,1579.61,1562.4,1579.04,3437.27669
2026-06-27 23:00:00+00:00,1579.04,1581.56,1570.6,1573.97,1997.9829
2026-06-28 00:00:00+00:00,1573.97,1578.17,1572.62,1574.83,1388.99653
2026-06-28 01:00:00+00:00,1574.83,1576.96,1570.12,1575.25,657.36979
2026-06-28 02:00:00+00:00,1575.25,1580.05,1569.09,1572.02,1449.29629
2026-06-28 03:00:00+00:00,1572.02,1576.27,1571.97,1574.99,530.3004
2026-06-28 04:00:00+00:00,1574.99,1577.5,1570.52,1574.22,714.88736
2026-06-28 05:00:00+00:00,1574.22,1574.43,1564.14,1569.21,2509.11172
2026-06-28 06:00:00+00:00,1569.21,1570.57,1562.62,1567.68,1307.44859
2026-06-28 07:00:00+00:00,1567.68,1577.11,1567.68,1575.81,860.18431
2026-06-28 08:00:00+00:00,1575.81,1585.52,1573.59,1581.42,3097.08634
2026-06-28 09:00:00+00:00,1581.42,1586.25,1578.5,1579.03,1400.27948
2026-06-28 10:00:00+00:00,1579.03,1581.48,1572.31,1577.3,1560.67574
2026-06-28 11:00:00+00:00,1577.3,1584.04,1575.9,1582.97,1655.91581
2026-06-28 12:00:00+00:00,1582.97,1588.96,1578.23,1583.6,1846.60856
2026-06-28 13:00:00+00:00,1583.6,1583.73,1575.01,1579.69,1826.0899
2026-06-28 14:00:00+00:00,1579.69,1586.41,1578.16,1581.42,1810.11264
2026-06-28 15:00:00+00:00,1581.42,1585.54,1577.31,1580.91,2110.02858
2026-06-28 16:00:00+00:00,1580.91,1581.85,1566.44,1572.63,3901.65621
2026-06-28 17:00:00+00:00,1572.63,1577.5,1563.34,1572.23,3068.05371
2026-06-28 18:00:00+00:00,1572.23,1575.19,1569.02,1571.75,1152.45977
2026-06-28 19:00:00+00:00,1571.75,1574.51,1556.53,1564.48,3078.82529
2026-06-28 20:00:00+00:00,1564.48,1576.39,1564.09,1573.09,1813.05275
2026-06-28 21:00:00+00:00,1573.09,1573.86,1559.02,1563.65,1491.86436
2026-06-28 22:00:00+00:00,1563.65,1582.47,1548.06,1557.24,6005.86843
2026-06-28 23:00:00+00:00,1557.24,1580.26,1555.17,1572.01,3047.99688
2026-06-29 00:00:00+00:00,1572.01,1574.82,1552.13,1573.77,4835.70465
2026-06-29 01:00:00+00:00,1573.77,1574.5,1560.0,1568.48,2384.90451
2026-06-29 02:00:00+00:00,1568.48,1579.03,1550.34,1576.53,5396.7082
2026-06-29 03:00:00+00:00,1576.53,1589.73,1576.53,1584.75,2783.17904
2026-06-29 04:00:00+00:00,1584.75,1585.11,1574.88,1575.68,1454.42075
2026-06-29 05:00:00+00:00,1575.68,1583.45,1562.23,1583.27,4479.61832
2026-06-29 06:00:00+00:00,1583.27,1589.23,1579.97,1583.2,2204.76852
2026-06-29 07:00:00+00:00,1583.2,1584.91,1578.03,1580.16,1311.7105
2026-06-29 08:00:00+00:00,1580.16,1582.33,1570.13,1572.98,2771.11829
2026-06-29 09:00:00+00:00,1572.98,1580.67,1570.49,1576.19,2636.59429
2026-06-29 10:00:00+00:00,1576.19,1587.11,1576.19,1578.59,3075.81435
2026-06-29 11:00:00+00:00,1578.59,1582.76,1570.32,1574.86,3371.22525
2026-06-29 12:00:00+00:00,1574.86,1597.11,1566.56,1576.13,11613.05365
2026-06-29 13:00:00+00:00,1576.13,1588.79,1564.8,1572.88,6907.85974
2026-06-29 14:00:00+00:00,1572.88,1579.29,1557.32,1572.77,6942.78229
2026-06-29 15:00:00+00:00,1572.77,1585.64,1561.54,1580.25,7001.22918
2026-06-29 16:00:00+00:00,1580.25,1587.79,1573.86,1585.35,4013.80333
2026-06-29 17:00:00+00:00,1585.35,1637.58,1585.23,1628.14,16149.44571
2026-06-29 18:00:00+00:00,1628.14,1628.92,1618.5,1621.12,3715.58079
2026-06-29 19:00:00+00:00,1621.12,1627.59,1616.24,1625.69,2450.11742
2026-06-29 20:00:00+00:00,1625.69,1626.73,1617.6,1617.76,2279.59889
2026-06-29 21:00:00+00:00,1617.76,1623.16,1612.17,1620.12,2164.70506
2026-06-29 22:00:00+00:00,1620.12,1622.13,1612.79,1613.03,1574.92467
2026-06-29 23:00:00+00:00,1613.03,1614.07,1607.75,1613.03,909.51754
2026-06-30 00:00:00+00:00,1613.03,1614.36,1592.59,1594.5,3665.52873
2026-06-30 01:00:00+00:00,1594.5,1599.99,1588.94,1593.87,2097.67458
2026-06-30 02:00:00+00:00,1593.87,1594.06,1586.54,1590.67,1821.32528
2026-06-30 03:00:00+00:00,1590.67,1596.31,1586.56,1587.2,1171.0076
2026-06-30 04:00:00+00:00,1587.2,1590.99,1579.75,1587.86,2862.64967
2026-06-30 05:00:00+00:00,1587.86,1591.99,1585.03,1591.49,1964.74486
2026-06-30 06:00:00+00:00,1591.49,1594.72,1588.83,1593.8,1451.80875
2026-06-30 07:00:00+00:00,1593.8,1596.0,1590.12,1592.23,1747.8674
2026-06-30 08:00:00+00:00,1592.23,1594.2,1579.29,1583.88,4059.3
2026-06-30 09:00:00+00:00,1583.88,1587.06,1581.4,1585.45,1566.04855
2026-06-30 10:00:00+00:00,1585.45,1586.9,1582.26,1584.55,852.59083
2026-06-30 11:00:00+00:00,1584.55,1586.24,1575.59,1578.48,2712.35914
2026-06-30 12:00:00+00:00,1578.48,1578.59,1551.52,1552.77,6950.80168
2026-06-30 13:00:00+00:00,1552.77,1567.59,1550.01,1567.25,10086.49439
2026-06-30 14:00:00+00:00,1567.25,1578.11,1560.98,1563.31,6858.82528
2026-06-30 15:00:00+00:00,1563.31,1576.65,1557.31,1565.23,5133.93174
2026-06-30 16:00:00+00:00,1565.23,1575.08,1561.8,1572.45,2790.62206
2026-06-30 17:00:00+00:00,1572.45,1577.11,1568.56,1570.91,2788.64914
2026-06-30 18:00:00+00:00,1570.91,1581.99,1569.63,1579.21,2816.95038
2026-06-30 19:00:00+00:00,1579.21,1582.11,1575.72,1580.74,2338.65077
2026-06-30 20:00:00+00:00,1580.74,1583.21,1573.29,1576.04,2188.17861
2026-06-30 21:00:00+00:00,1576.04,1577.42,1570.05,1571.9,1497.23872
2026-06-30 22:00:00+00:00,1571.9,1575.44,1566.92,1567.8,1825.12351
2026-06-30 23:00:00+00:00,1567.8,1572.9,1565.96,1572.17,1615.43347
2026-07-01 00:00:00+00:00,1572.17,1576.65,1566.1,1575.04,1957.96493
2026-07-01 01:00:00+00:00,1575.04,1586.58,1552.5,1577.99,8256.54355
2026-07-01 02:00:00+00:00,1577.99,1589.63,1574.43,1586.39,3904.77391
2026-07-01 03:00:00+00:00,1586.39,1599.32,1582.48,1594.96,6974.05008
2026-07-01 04:00:00+00:00,1594.96,1604.14,1590.98,1599.43,3720.04022
2026-07-01 05:00:00+00:00,1599.43,1600.93,1591.51,1592.88,3467.70759
2026-07-01 06:00:00+00:00,1592.88,1593.36,1571.54,1576.12,5064.2506
2026-07-01 07:00:00+00:00,1576.12,1581.04,1572.45,1578.53,2622.03748
2026-07-01 08:00:00+00:00,1578.53,1582.4,1568.47,1582.4,2919.0726
2026-07-01 09:00:00+00:00,1582.4,1585.11,1578.85,1581.19,2549.42674
2026-07-01 10:00:00+00:00,1581.19,1581.76,1572.02,1573.45,1982.88231
2026-07-01 11:00:00+00:00,1573.45,1576.05,1567.36,1569.79,1483.20357
2026-07-01 12:00:00+00:00,1569.79,1572.76,1565.18,1570.25,3124.42315
2026-07-01 13:00:00+00:00,1570.25,1598.42,1569.89,1597.54,9742.42286
2026-07-01 14:00:00+00:00,1597.54,1617.57,1591.3,1601.39,12055.00216
2026-07-01 15:00:00+00:00,1601.39,1631.5,1601.03,1620.11,9604.1178
2026-07-01 16:00:00+00:00,1620.11,1629.67,1612.74,1614.73,3579.12823
2026-07-01 17:00:00+00:00,1614.73,1625.17,1607.21,1623.04,5710.26623
2026-07-01 18:00:00+00:00,1623.04,1624.82,1612.16,1616.86,3332.39232
2026-07-01 19:00:00+00:00,1616.86,1624.22,1614.4,1618.32,2626.06221
2026-07-01 20:00:00+00:00,1618.32,1620.71,1610.33,1617.9,3085.65878
2026-07-01 21:00:00+00:00,1617.9,1638.68,1617.62,1632.39,4555.95447
2026-07-01 22:00:00+00:00,1632.39,1646.87,1620.49,1621.85,6875.58332
2026-07-01 23:00:00+00:00,1621.85,1621.85,1608.38,1609.49,3123.57447
2026-07-02 00:00:00+00:00,1609.49,1609.75,1597.17,1603.43,2538.99173
2026-07-02 01:00:00+00:00,1603.43,1625.06,1602.53,1620.61,2729.21282
2026-07-02 02:00:00+00:00,1620.61,1624.73,1614.54,1621.04,2192.45336
2026-07-02 03:00:00+00:00,1621.04,1642.41,1618.27,1639.63,4917.18265
2026-07-02 04:00:00+00:00,1639.63,1640.07,1630.57,1632.77,2509.41807
2026-07-02 05:00:00+00:00,1632.77,1634.9,1625.04,1626.68,1698.19838
2026-07-02 06:00:00+00:00,1626.68,1629.73,1617.39,1619.08,1622.30052
2026-07-02 07:00:00+00:00,1619.08,1620.01,1614.4,1616.26,2736.17844
2026-07-02 08:00:00+00:00,1616.26,1627.36,1614.64,1624.99,3508.53545
2026-07-02 09:00:00+00:00,1624.99,1651.56,1620.45,1643.23,10545.57295
2026-07-02 10:00:00+00:00,1643.23,1649.9,1641.33,1646.43,3257.47759
2026-07-02 11:00:00+00:00,1646.43,1655.11,1644.68,1650.48,3753.16137
2026-07-02 12:00:00+00:00,1650.48,1669.8,1647.5,1662.73,8420.21635
2026-07-02 13:00:00+00:00,1662.73,1714.15,1660.62,1710.76,21811.91894
2026-07-02 14:00:00+00:00,1710.76,1728.6,1693.05,1701.51,10663.36724
2026-07-02 15:00:00+00:00,1701.51,1703.71,1688.45,1696.9,4885.29846
2026-07-02 16:00:00+00:00,1696.9,1704.16,1686.25,1699.58,5154.37646
2026-07-02 17:00:00+00:00,1699.58,1705.58,1694.22,1695.72,2879.70515
2026-07-02 18:00:00+00:00,1695.72,1707.09,1695.28,1702.12,2421.42329
2026-07-02 19:00:00+00:00,1702.12,1705.65,1694.75,1700.25,2634.16178
2026-07-02 20:00:00+00:00,1700.25,1706.81,1696.05,1705.76,2890.93064
2026-07-02 21:00:00+00:00,1705.76,1706.09,1696.94,1700.24,2217.57167
2026-07-02 22:00:00+00:00,1700.24,1700.9,1694.17,1696.69,1189.05354
2026-07-02 23:00:00+00:00,1696.69,1701.63,1692.1,1700.66,1286.69477
2026-07-03 00:00:00+00:00,1700.66,1703.0,1694.68,1696.81,1377.36836
2026-07-03 01:00:00+00:00,1696.81,1719.2,1695.35,1712.45,4205.00993
2026-07-03 02:00:00+00:00,1712.45,1715.39,1696.36,1704.7,2149.95117
2026-07-03 03:00:00+00:00,1704.7,1712.15,1699.54,1706.46,2788.22717
2026-07-03 04:00:00+00:00,1706.46,1708.57,1702.53,1703.27,1157.86416
2026-07-03 05:00:00+00:00,1703.27,1722.0,1702.39,1714.98,2035.16664
2026-07-03 06:00:00+00:00,1714.98,1721.63,1712.91,1716.08,1469.00984
2026-07-03 07:00:00+00:00,1716.08,1722.24,1713.89,1717.78,4375.46502
2026-07-03 08:00:00+00:00,1717.78,1735.36,1715.82,1719.95,5929.40282
2026-07-03 09:00:00+00:00,1719.95,1731.64,1717.16,1726.43,3094.03948
2026-07-03 10:00:00+00:00,1726.43,1749.14,1726.42,1742.27,5747.58669
2026-07-03 11:00:00+00:00,1742.27,1748.09,1737.51,1742.65,3900.42431
2026-07-03 12:00:00+00:00,1742.65,1745.33,1732.0,1736.63,2947.3302
2026-07-03 13:00:00+00:00,1736.63,1753.56,1736.26,1748.14,4172.98387
2026-07-03 14:00:00+00:00,1748.14,1748.26,1729.1,1737.35,3950.27226
2026-07-03 15:00:00+00:00,1737.35,1746.08,1729.84,1731.25,3824.5381
2026-07-03 16:00:00+00:00,1731.25,1735.59,1727.6,1733.8,1819.28486
2026-07-03 17:00:00+00:00,1733.8,1741.97,1732.45,1738.32,2076.00774
2026-07-03 18:00:00+00:00,1738.32,1741.14,1736.26,1738.75,1189.95327
2026-07-03 19:00:00+00:00,1738.75,1753.17,1737.25,1745.39,4769.95864
2026-07-03 20:00:00+00:00,1745.39,1773.84,1743.65,1766.14,7581.85105
2026-07-03 21:00:00+00:00,1766.14,1776.01,1756.92,1763.45,3486.43164
2026-07-03 22:00:00+00:00,1763.45,1764.17,1756.0,1757.51,1259.90987
2026-07-03 23:00:00+00:00,1757.51,1762.15,1755.4,1758.21,1037.17885
2026-07-04 00:00:00+00:00,1758.21,1764.01,1756.36,1758.69,1147.62412
2026-07-04 01:00:00+00:00,1758.69,1758.69,1746.0,1747.9,1917.74479
2026-07-04 02:00:00+00:00,1747.9,1751.02,1744.26,1749.58,1137.62386
2026-07-04 03:00:00+00:00,1749.58,1756.64,1747.41,1753.88,1907.29133
2026-07-04 04:00:00+00:00,1753.88,1764.5,1752.09,1761.82,1701.81425
2026-07-04 05:00:00+00:00,1761.82,1761.82,1753.22,1756.14,1195.48157
2026-07-04 06:00:00+00:00,1756.14,1761.58,1751.58,1754.88,1197.76479
2026-07-04 07:00:00+00:00,1754.88,1759.74,1752.98,1758.31,1055.12081
2026-07-04 08:00:00+00:00,1758.31,1765.62,1757.48,1762.32,2030.07547
2026-07-04 09:00:00+00:00,1762.32,1763.28,1754.81,1758.08,2112.91381
2026-07-04 10:00:00+00:00,1758.08,1760.99,1756.98,1759.13,834.88286
2026-07-04 11:00:00+00:00,1759.13,1760.46,1756.21,1758.15,1798.23691
2026-07-04 12:00:00+00:00,1758.15,1766.77,1758.1,1764.48,1361.67113
2026-07-04 13:00:00+00:00,1764.48,1778.73,1761.73,1764.04,2936.7287
2026-07-04 14:00:00+00:00,1764.04,1775.0,1763.78,1772.42,2020.85038
2026-07-04 15:00:00+00:00,1772.42,1798.97,1772.35,1791.29,8972.93074
2026-07-04 16:00:00+00:00,1791.29,1792.0,1783.33,1786.96,1941.91901
2026-07-04 17:00:00+00:00,1786.96,1808.37,1779.08,1799.35,4502.05986
2026-07-04 18:00:00+00:00,1799.35,1805.92,1791.61,1793.72,1608.06888
2026-07-04 19:00:00+00:00,1793.72,1797.65,1788.43,1792.59,1012.77335
2026-07-04 20:00:00+00:00,1792.59,1795.97,1783.71,1787.0,1571.53845
2026-07-04 21:00:00+00:00,1787.0,1794.37,1786.13,1789.3,877.95591
2026-07-04 22:00:00+00:00,1789.3,1789.48,1782.24,1784.62,924.69401
2026-07-04 23:00:00+00:00,1784.62,1785.63,1771.76,1780.68,2070.86264
2026-07-05 00:00:00+00:00,1780.68,1781.02,1769.4,1772.71,2676.5473
2026-07-05 01:00:00+00:00,1772.71,1774.71,1761.21,1766.59,2442.82144
2026-07-05 02:00:00+00:00,1766.59,1767.82,1756.79,1760.87,2125.31082
2026-07-05 03:00:00+00:00,1760.87,1763.82,1757.76,1761.41,1316.68547
2026-07-05 04:00:00+00:00,1761.41,1772.7,1759.96,1767.58,1384.53558
2026-07-05 05:00:00+00:00,1767.58,1767.88,1760.2,1765.72,934.33174
2026-07-05 06:00:00+00:00,1765.72,1768.02,1762.01,1764.6,581.12415
2026-07-05 07:00:00+00:00,1764.6,1772.21,1761.83,1769.96,1059.02275
2026-07-05 08:00:00+00:00,1769.96,1773.18,1766.63,1767.52,1021.61109
2026-07-05 09:00:00+00:00,1767.52,1767.86,1748.66,1758.06,2473.62327
2026-07-05 10:00:00+00:00,1758.06,1761.99,1754.99,1761.45,1503.36638
2026-07-05 11:00:00+00:00,1761.45,1764.99,1758.53,1760.08,1177.10465
2026-07-05 12:00:00+00:00,1760.08,1769.38,1755.94,1764.95,1656.38229
2026-07-05 13:00:00+00:00,1764.95,1767.76,1761.34,1766.34,1277.67808
2026-07-05 14:00:00+00:00,1766.34,1772.7,1764.82,1772.47,887.24937
2026-07-05 15:00:00+00:00,1772.47,1781.55,1770.4,1774.67,2686.86647
2026-07-05 16:00:00+00:00,1774.67,1777.54,1770.23,1772.92,1535.65471
2026-07-05 17:00:00+00:00,1772.92,1785.8,1772.9,1779.4,2318.88869
2026-07-05 18:00:00+00:00,1779.4,1786.36,1777.83,1781.27,1189.19406
2026-07-05 19:00:00+00:00,1781.27,1784.72,1777.75,1781.51,963.07422
2026-07-05 20:00:00+00:00,1781.51,1783.66,1776.0,1777.26,868.32767
2026-07-05 21:00:00+00:00,1777.26,1793.6,1769.46,1786.87,2499.0017
2026-07-05 22:00:00+00:00,1786.87,1808.15,1784.01,1790.09,5341.69663
2026-07-05 23:00:00+00:00,1790.09,1802.89,1782.83,1785.89,2604.76533
2026-07-06 00:00:00+00:00,1785.89,1794.18,1774.64,1793.39,2893.005
2026-07-06 01:00:00+00:00,1793.39,1799.17,1785.23,1786.32,2016.48705
2026-07-06 02:00:00+00:00,1786.32,1790.27,1779.4,1783.61,1811.06615
2026-07-06 03:00:00+00:00,1783.61,1785.22,1771.81,1779.82,1801.64524
2026-07-06 04:00:00+00:00,1779.82,1785.48,1776.34,1778.11,1121.37636
2026-07-06 05:00:00+00:00,1778.11,1778.35,1764.87,1773.99,2363.25922
2026-07-06 06:00:00+00:00,1773.99,1775.42,1769.28,1769.53,1670.88785
2026-07-06 07:00:00+00:00,1769.53,1775.49,1766.92,1772.34,2154.53978
2026-07-06 08:00:00+00:00,1772.34,1778.69,1763.01,1765.76,2552.63466
2026-07-06 09:00:00+00:00,1765.76,1766.19,1755.88,1758.71,3240.26703
2026-07-06 10:00:00+00:00,1758.71,1774.2,1758.13,1771.07,2291.09073
2026-07-06 11:00:00+00:00,1771.07,1775.68,1759.41,1759.58,3877.49091
2026-07-06 12:00:00+00:00,1759.58,1760.91,1735.61,1740.77,9544.4318
2026-07-06 13:00:00+00:00,1740.77,1753.44,1728.74,1744.8,5713.87413
2026-07-06 14:00:00+00:00,1744.8,1762.86,1741.94,1751.82,3792.58665
2026-07-06 15:00:00+00:00,1751.82,1788.98,1751.38,1788.29,8007.32169
2026-07-06 16:00:00+00:00,1788.29,1805.19,1782.33,1792.75,11214.77337
2026-07-06 17:00:00+00:00,1792.75,1800.58,1787.32,1788.28,3190.22714
2026-07-06 18:00:00+00:00,1788.28,1796.55,1786.63,1792.73,2316.41639
2026-07-06 19:00:00+00:00,1792.73,1798.97,1791.27,1792.79,1733.63367
2026-07-06 20:00:00+00:00,1792.79,1796.62,1787.38,1793.2,1336.36689
2026-07-06 21:00:00+00:00,1793.2,1834.11,1792.72,1815.01,9052.18547
2026-07-06 22:00:00+00:00,1815.01,1817.08,1804.58,1806.16,1443.07695
2026-07-06 23:00:00+00:00,1806.16,1810.21,1797.52,1799.49,2285.17776
2026-07-07 00:00:00+00:00,1799.49,1810.35,1794.77,1803.87,3062.67864
2026-07-07 01:00:00+00:00,1803.87,1803.87,1787.93,1792.81,2273.09561
2026-07-07 02:00:00+00:00,1792.81,1794.51,1776.92,1778.39,2574.18418
2026-07-07 03:00:00+00:00,1778.39,1781.51,1768.86,1771.41,1850.83526
2026-07-07 04:00:00+00:00,1771.41,1773.75,1762.81,1766.44,1969.01893
2026-07-07 05:00:00+00:00,1766.44,1773.57,1757.61,1770.5,2414.45634
2026-07-07 06:00:00+00:00,1770.5,1782.37,1764.76,1779.11,3047.73535
2026-07-07 07:00:00+00:00,1779.11,1782.49,1770.86,1771.2,1959.1865
2026-07-07 08:00:00+00:00,1771.2,1775.43,1768.19,1770.68,1832.11035
2026-07-07 09:00:00+00:00,1770.68,1782.84,1768.61,1778.06,2606.79965
2026-07-07 10:00:00+00:00,1778.06,1784.56,1774.09,1775.91,2131.42716
2026-07-07 11:00:00+00:00,1775.91,1784.91,1771.76,1780.72,1928.86319
2026-07-07 12:00:00+00:00,1780.72,1794.39,1780.18,1782.06,2779.07619
2026-07-07 13:00:00+00:00,1782.06,1783.34,1766.05,1768.97,4597.60329
2026-07-07 14:00:00+00:00,1768.97,1792.96,1761.0,1789.14,6129.4731
2026-07-07 15:00:00+00:00,1789.14,1803.2,1783.01,1797.66,5192.48699
2026-07-07 16:00:00+00:00,1797.66,1812.91,1792.53,1802.35,4681.21824
2026-07-07 17:00:00+00:00,1802.35,1810.8,1798.69,1810.8,3192.94152
2026-07-07 18:00:00+00:00,1810.8,1810.8,1786.07,1786.6,3138.66763
2026-07-07 19:00:00+00:00,1786.6,1793.16,1773.62,1790.7,4439.28654
2026-07-07 20:00:00+00:00,1790.7,1793.25,1781.59,1784.22,1336.14781
2026-07-07 21:00:00+00:00,1784.22,1789.53,1771.57,1773.74,3219.93314
2026-07-07 22:00:00+00:00,1773.74,1778.61,1765.54,1775.3,1623.03222
2026-07-07 23:00:00+00:00,1775.3,1780.99,1768.34,1771.42,834.42391
2026-07-08 00:00:00+00:00,1771.42,1785.09,1770.01,1780.43,1644.23621
2026-07-08 01:00:00+00:00,1780.43,1781.01,1749.77,1756.0,3840.38524
2026-07-08 02:00:00+00:00,1756.0,1759.46,1741.32,1757.7,4492.55079
2026-07-08 03:00:00+00:00,1757.7,1763.77,1749.16,1751.68,2675.62075
2026-07-08 04:00:00+00:00,1751.68,1758.0,1749.32,1756.35,3763.96627
2026-07-08 05:00:00+00:00,1756.35,1759.66,1750.19,1753.92,3124.92823
2026-07-08 06:00:00+00:00,1753.92,1755.25,1746.21,1751.73,2806.70981
2026-07-08 07:00:00+00:00,1751.73,1757.45,1744.8,1756.79,3100.25777
2026-07-08 08:00:00+00:00,1756.79,1758.92,1725.0,1735.46,9516.20648
2026-07-08 09:00:00+00:00,1735.46,1740.79,1730.01,1736.0,3510.31038
2026-07-08 10:00:00+00:00,1736.0,1742.3,1732.63,1739.48,2213.40194
2026-07-08 11:00:00+00:00,1739.48,1750.98,1735.69,1747.91,2795.18332
2026-07-08 12:00:00+00:00,1747.91,1751.33,1738.12,1738.49,3024.03515
2026-07-08 13:00:00+00:00,1738.49,1744.23,1731.1,1737.74,5954.23943
2026-07-08 14:00:00+00:00,1737.74,1740.93,1722.59,1729.75,5635.83838
2026-07-08 15:00:00+00:00,1729.75,1730.61,1713.41,1722.88,4878.02397
2026-07-08 16:00:00+00:00,1722.88,1738.31,1722.77,1736.46,3261.14061
2026-07-08 17:00:00+00:00,1736.46,1746.49,1730.91,1732.98,4237.94664
2026-07-08 18:00:00+00:00,1732.98,1741.18,1730.01,1737.49,2519.24819
2026-07-08 19:00:00+00:00,1737.49,1741.75,1733.52,1741.13,2387.24767
2026-07-08 20:00:00+00:00,1741.13,1741.49,1734.59,1736.45,2709.35769
2026-07-08 21:00:00+00:00,1736.45,1740.04,1731.32,1738.2,1758.04698
2026-07-08 22:00:00+00:00,1738.2,1743.44,1736.76,1741.25,999.899
2026-07-08 23:00:00+00:00,1741.25,1745.18,1738.72,1743.5,980.2259
2026-07-09 00:00:00+00:00,1743.5,1744.58,1736.92,1738.29,1092.83596
2026-07-09 01:00:00+00:00,1738.29,1756.03,1730.13,1731.55,3342.56106
2026-07-09 02:00:00+00:00,1731.55,1739.35,1723.36,1727.07,2735.51903
2026-07-09 03:00:00+00:00,1727.07,1734.48,1721.63,1730.71,1973.29346
2026-07-09 04:00:00+00:00,1730.71,1743.73,1729.98,1742.49,2139.4767
2026-07-09 05:00:00+00:00,1742.49,1749.67,1736.94,1749.6,2594.76827
2026-07-09 06:00:00+00:00,1749.6,1755.96,1746.04,1755.45,3299.08289
2026-07-09 07:00:00+00:00,1755.45,1762.68,1750.48,1753.38,2958.80156
2026-07-09 08:00:00+00:00,1753.38,1758.89,1750.09,1754.59,2386.65279
2026-07-09 09:00:00+00:00,1754.59,1756.5,1749.49,1755.69,1163.27502
2026-07-09 10:00:00+00:00,1755.69,1757.64,1744.02,1746.36,1246.75089
2026-07-09 11:00:00+00:00,1746.36,1748.71,1741.24,1744.06,2812.37176
2026-07-09 12:00:00+00:00,1744.06,1747.41,1734.84,1741.91,6095.65647
2026-07-09 13:00:00+00:00,1741.91,1752.4,1735.94,1747.02,4479.11288
2026-07-09 14:00:00+00:00,1747.02,1750.05,1733.68,1743.05,3924.99517
2026-07-09 15:00:00+00:00,1743.05,1749.6,1737.45,1739.55,2498.30111
2026-07-09 16:00:00+00:00,1739.55,1743.89,1731.89,1739.08,2923.03824
2026-07-09 17:00:00+00:00,1739.08,1752.54,1738.42,1748.6,2622.7103
2026-07-09 18:00:00+00:00,1748.6,1759.87,1747.42,1751.48,3410.40405
2026-07-09 19:00:00+00:00,1751.48,1753.23,1747.05,1748.55,1326.99261
2026-07-09 20:00:00+00:00,1748.55,1750.55,1745.18,1748.71,1664.71929
2026-07-09 21:00:00+00:00,1748.71,1751.05,1745.05,1748.31,1002.39724
2026-07-09 22:00:00+00:00,1748.31,1751.21,1746.31,1747.48,897.97106
2026-07-09 23:00:00+00:00,1747.48,1749.3,1741.77,1745.11,1254.09794
2026-07-10 00:00:00+00:00,1745.11,1746.53,1737.35,1743.08,1907.04151
2026-07-10 01:00:00+00:00,1743.08,1777.76,1738.02,1767.77,5990.69101
2026-07-10 02:00:00+00:00,1767.77,1775.26,1764.6,1773.08,2949.97636
2026-07-10 03:00:00+00:00,1773.08,1780.19,1769.24,1776.15,2902.04591
2026-07-10 04:00:00+00:00,1776.15,1780.48,1771.95,1774.81,1565.58251
2026-07-10 05:00:00+00:00,1774.81,1780.2,1772.61,1779.24,2229.05029
2026-07-10 06:00:00+00:00,1779.24,1780.15,1769.39,1771.25,1846.18426
2026-07-10 07:00:00+00:00,1771.25,1777.68,1768.61,1773.41,1594.05512
2026-07-10 08:00:00+00:00,1773.41,1789.56,1772.06,1784.1,4115.24346
2026-07-10 09:00:00+00:00,1784.1,1795.12,1781.25,1792.92,3453.11645
2026-07-10 10:00:00+00:00,1792.92,1803.2,1789.63,1797.15,3324.86843
2026-07-10 11:00:00+00:00,1797.15,1802.47,1794.35,1801.42,2420.40563
2026-07-10 12:00:00+00:00,1801.42,1808.04,1792.64,1793.98,3662.48647
2026-07-10 13:00:00+00:00,1793.98,1812.89,1793.7,1804.16,3673.37842
2026-07-10 14:00:00+00:00,1804.16,1804.84,1775.72,1784.76,4624.76077
2026-07-10 15:00:00+00:00,1784.76,1797.01,1783.87,1791.19,2333.21133
2026-07-10 16:00:00+00:00,1791.19,1799.53,1785.88,1797.58,1924.61946
2026-07-10 17:00:00+00:00,1797.58,1799.24,1788.17,1788.24,1817.33625
2026-07-10 18:00:00+00:00,1788.24,1794.06,1781.0,1784.92,2423.03407
2026-07-10 19:00:00+00:00,1784.92,1797.79,1784.09,1792.76,2720.12963
2026-07-10 20:00:00+00:00,1792.76,1794.53,1789.32,1790.04,1495.62615
2026-07-10 21:00:00+00:00,1790.04,1796.89,1789.58,1794.63,1044.14241
2026-07-10 22:00:00+00:00,1794.63,1796.97,1793.02,1795.32,702.84174
2026-07-10 23:00:00+00:00,1795.32,1797.99,1792.43,1796.91,1118.95648
2026-07-11 00:00:00+00:00,1796.91,1797.25,1789.98,1793.38,1199.31902
2026-07-11 01:00:00+00:00,1793.38,1799.23,1788.48,1789.08,1161.43556
2026-07-11 02:00:00+00:00,1789.08,1796.12,1786.46,1795.63,1010.4261
2026-07-11 03:00:00+00:00,1795.63,1798.29,1792.48,1796.37,899.1158
2026-07-11 04:00:00+00:00,1796.37,1800.67,1795.72,1796.5,661.57771
2026-07-11 05:00:00+00:00,1796.5,1802.5,1795.05,1799.39,772.43024
2026-07-11 06:00:00+00:00,1799.39,1803.42,1794.59,1799.45,1278.75597
2026-07-11 07:00:00+00:00,1799.45,1801.98,1798.29,1799.93,891.57036
2026-07-11 08:00:00+00:00,1799.93,1803.62,1799.4,1801.63,609.45136
2026-07-11 09:00:00+00:00,1801.63,1802.86,1795.28,1795.69,1076.30366
2026-07-11 10:00:00+00:00,1795.69,1799.39,1795.24,1798.49,597.0238
2026-07-11 11:00:00+00:00,1798.49,1801.19,1797.23,1800.62,771.67953
2026-07-11 12:00:00+00:00,1800.62,1801.86,1798.59,1800.24,657.34906
2026-07-11 13:00:00+00:00,1800.24,1808.65,1798.56,1802.9,1122.96705
2026-07-11 14:00:00+00:00,1802.9,1817.96,1802.56,1810.76,2958.19735
2026-07-11 15:00:00+00:00,1810.76,1828.51,1808.84,1814.88,7389.56705
2026-07-11 16:00:00+00:00,1814.88,1824.62,1810.71,1823.31,2850.91832
2026-07-11 17:00:00+00:00,1823.31,1829.96,1818.23,1824.75,1740.83878
2026-07-11 18:00:00+00:00,1824.75,1830.0,1823.8,1826.44,2026.04493
2026-07-11 19:00:00+00:00,1826.44,1827.43,1819.35,1824.76,1479.18352
2026-07-11 20:00:00+00:00,1824.76,1828.73,1824.08,1826.07,487.30097
2026-07-11 21:00:00+00:00,1826.07,1829.46,1822.87,1824.06,589.58551
2026-07-11 22:00:00+00:00,1824.06,1824.47,1809.52,1813.77,2093.69718
2026-07-11 23:00:00+00:00,1813.77,1815.86,1786.95,1787.78,5025.7817
2026-07-12 00:00:00+00:00,1787.78,1791.17,1779.6,1789.22,5348.71791
2026-07-12 01:00:00+00:00,1789.22,1808.38,1788.25,1806.69,3133.60888
2026-07-12 02:00:00+00:00,1806.69,1807.72,1802.93,1805.15,999.46465
2026-07-12 03:00:00+00:00,1805.15,1813.95,1802.6,1811.67,1115.849
2026-07-12 04:00:00+00:00,1811.67,1812.71,1804.16,1806.02,885.45965
2026-07-12 05:00:00+00:00,1806.02,1807.28,1801.29,1803.4,816.3924
2026-07-12 06:00:00+00:00,1803.4,1803.4,1789.17,1795.18,1898.78284
2026-07-12 07:00:00+00:00,1795.18,1799.16,1794.27,1798.83,922.18958
2026-07-12 08:00:00+00:00,1798.83,1809.18,1798.59,1805.31,1398.00615
2026-07-12 09:00:00+00:00,1805.31,1806.0,1796.71,1802.49,832.871
2026-07-12 10:00:00+00:00,1802.49,1802.67,1798.9,1799.37,1075.95764
2026-07-12 11:00:00+00:00,1799.37,1806.9,1796.54,1803.88,905.01779
2026-07-12 12:00:00+00:00,1803.88,1809.43,1802.97,1807.09,785.55692
2026-07-12 13:00:00+00:00,1807.09,1809.84,1805.44,1805.93,633.74659
2026-07-12 14:00:00+00:00,1805.93,1822.98,1804.16,1819.62,2994.61823
2026-07-12 15:00:00+00:00,1819.62,1827.0,1816.53,1821.01,4746.22323
2026-07-12 16:00:00+00:00,1821.01,1824.47,1817.47,1821.8,3403.39124
2026-07-12 17:00:00+00:00,1821.8,1822.34,1815.08,1818.37,1260.04356
2026-07-12 18:00:00+00:00,1818.37,1822.32,1815.2,1821.47,1183.80238
2026-07-12 19:00:00+00:00,1821.47,1823.55,1818.62,1821.46,683.41629
2026-07-12 20:00:00+00:00,1821.46,1824.29,1818.57,1821.35,1190.3953
2026-07-12 21:00:00+00:00,1821.35,1823.63,1811.43,1812.54,1272.12828
2026-07-12 22:00:00+00:00,1812.54,1812.54,1797.47,1804.91,3196.13596
2026-07-12 23:00:00+00:00,1804.91,1808.99,1801.07,1806.75,1120.32978
2026-07-13 00:00:00+00:00,1806.75,1846.32,1804.32,1826.42,11546.63482
2026-07-13 01:00:00+00:00,1826.42,1830.11,1805.52,1806.94,3600.30111
2026-07-13 02:00:00+00:00,1806.94,1815.06,1799.19,1806.97,3181.56004
2026-07-13 03:00:00+00:00,1806.97,1806.97,1774.99,1780.59,8925.9388
2026-07-13 04:00:00+00:00,1780.59,1785.09,1776.26,1778.94,1573.98748
2026-07-13 05:00:00+00:00,1778.94,1786.76,1773.67,1781.64,4381.2088
2026-07-13 06:00:00+00:00,1781.64,1783.5,1775.79,1777.86,1682.71847
2026-07-13 07:00:00+00:00,1777.86,1791.25,1776.34,1787.45,2209.34504
2026-07-13 08:00:00+00:00,1787.45,1793.45,1783.65,1790.23,2095.64938
2026-07-13 09:00:00+00:00,1790.23,1790.52,1784.82,1785.72,1091.61649
2026-07-13 10:00:00+00:00,1785.72,1786.96,1777.1,1779.63,1942.28084
2026-07-13 11:00:00+00:00,1779.63,1784.97,1779.59,1780.9,1878.43181
2026-07-13 12:00:00+00:00,1780.9,1783.74,1767.58,1772.18,5985.43133
2026-07-13 13:00:00+00:00,1772.18,1776.6,1763.39,1771.64,4843.44166
2026-07-13 14:00:00+00:00,1771.64,1782.11,1762.15,1781.66,6515.55813
2026-07-13 15:00:00+00:00,1781.66,1786.57,1775.35,1776.96,3235.85578
2026-07-13 16:00:00+00:00,1776.96,1781.04,1767.37,1771.93,3851.32032
2026-07-13 17:00:00+00:00,1771.93,1776.44,1753.05,1753.57,6687.22239
2026-07-13 18:00:00+00:00,1753.57,1767.45,1750.02,1764.94,4577.84493
2026-07-13 19:00:00+00:00,1764.94,1775.38,1764.48,1774.88,3013.3092
2026-07-13 20:00:00+00:00,1774.88,1777.17,1761.65,1767.29,3468.20106
2026-07-13 21:00:00+00:00,1767.29,1767.29,1752.25,1761.68,2807.85125
2026-07-13 22:00:00+00:00,1761.68,1768.54,1756.31,1758.15,2813.86112
2026-07-13 23:00:00+00:00,1758.15,1778.1,1756.25,1776.73,3441.33275
2026-07-14 00:00:00+00:00,1776.73,1788.58,1773.41,1786.21,5468.81225
2026-07-14 01:00:00+00:00,1786.21,1794.63,1783.31,1784.99,3764.56029
2026-07-14 02:00:00+00:00,1784.99,1789.12,1775.0,1782.6,2818.97785
2026-07-14 03:00:00+00:00,1782.6,1784.18,1774.7,1783.6,1901.57333
2026-07-14 04:00:00+00:00,1783.6,1789.86,1782.32,1785.91,2325.36765
2026-07-14 05:00:00+00:00,1785.91,1793.31,1784.51,1787.02,3103.72436
2026-07-14 06:00:00+00:00,1787.02,1787.49,1781.81,1783.25,2387.38429
2026-07-14 07:00:00+00:00,1783.25,1786.51,1779.29,1780.96,2972.81866
2026-07-14 08:00:00+00:00,1780.96,1789.62,1778.69,1785.96,2468.29232
2026-07-14 09:00:00+00:00,1785.96,1789.66,1782.9,1786.1,2730.86477
2026-07-14 10:00:00+00:00,1786.1,1805.17,1785.91,1800.35,7524.81496
2026-07-14 11:00:00+00:00,1800.35,1803.13,1795.7,1798.15,3690.382
2026-07-14 12:00:00+00:00,1798.15,1867.21,1794.31,1861.02,27363.22705
2026-07-14 13:00:00+00:00,1861.02,1883.48,1854.97,1871.61,23605.8581
2026-07-14 14:00:00+00:00,1871.61,1884.6,1860.0,1881.35,10909.78678
2026-07-14 15:00:00+00:00,1881.35,1889.17,1875.44,1881.41,7694.18551
